Workbook

Sheet Lcode_mapping
A1: 1 | B1: 2 | C1: 3 | D1: 4 | E1: 5 | F1: 6 | G1: 7 | H1: 8 | I1: 9 | J1: 10 | K1: 11 | L1: 12 | M1: 13 | N1: 14 | O1: 15 | P1: 16 | Q1: 17 | R1: 18 | S1: 19 | T1: 20 | U1: 21 | V1: 22 | W1: 23 | X1: 24 | Y1: 25 | Z1: 26
A2: # | B2: L | C2: openDBVar | D2: Name | E2: D1 | F2: D2 | G2: D3 | H2: T | I2: A | J2: Descriptor | K2: Scope | L2: Comment | M2: RIKSN | N2: Wrapper | O2: Dir | P2: File | Q2: Include Calc | R2: NameOver | S2: NameVec | T2: Descriptor_override | U2: Time_Dim | V2: Original Units | W2: Tolerance | X2: FirstDB | Y2: LastDB | AA2: Description.
A3: 293 | B3: 2 | C3: =IF(R3="-",D3,R3) -> DummyName | D3: EFF FREQ | E3: 3 | F3: 1 | G3: 1 | H3: R | I3: 4 | J3: Effective freqs opposite band | K3: Obs | L3: - | M3: K | N3: - | O3: - | P3: - | Q3: - | R3: DummyName | S3: - | T3: NOTE: Split into 3 variables. | U3: - | V3: MHz | W3: - | X3: =VLOOKUP($D3,global_toc!$C:$K,7,FALSE) -> 79AUG03XX | Y3: =VLOOKUP($D3,global_toc!$C:$K,8,FALSE) -> 11OCT17XA | Z3: =VLOOKUP($D3,global_toc!$C:$K,9,FALSE) -> 3180 | AA3: =IF(T3="-",J3,T3) -> NOTE: Split into 3 variables.
A4: 492 | B4: 2 | C4: =IF(R4="-",D4,R4) -> UNCALDLY | D4: UNCALDLY | E4: 1 | F4: 1 | G4: 1 | H4: R | I4: 1 | J4: Phase cal delay (sec) | K4: Obs | L4: NEED THIS | M4: K | N4: - | O4: - | P4: - | Q4: - | R4: - | S4: - | T4: Bad Phase Cal Delay. Removed from Obs. | U4: - | V4: - | W4: - | X4: =VLOOKUP($D4,global_toc!$C:$K,7,FALSE) -> 83JUN06X_ | Y4: =VLOOKUP($D4,global_toc!$C:$K,8,FALSE) -> 84OCT31X_ | Z4: =VLOOKUP($D4,global_toc!$C:$K,9,FALSE) -> 11 | AA4: =IF(T4="-",J4,T4) -> Bad Phase Cal Delay. Removed from Obs.
A5: 118 | B5: 1 | C5: =IF(R5="-",D5,R5) -> CLK_CFLG | D5: CLK_CFLG | E5: 1 | F5: 1 | G5: 1 | H5: A | I5: 4 | J5: Clock constraint use flag. | K5: Session | L5: Part of (CLK_CFLG, CC_SITS,CLK_CNST) | M5: S | N5: - | O5: - | P5: - | Q5: - | R5: - | S5: - | T5: - | U5: - | V5: - | W5: - | X5: =VLOOKUP($D5,global_toc!$C:$K,7,FALSE) -> 79AUG03XX | Y5: =VLOOKUP($D5,global_toc!$C:$K,8,FALSE) -> 11OCT17XA | Z5: =VLOOKUP($D5,global_toc!$C:$K,9,FALSE) -> 5029 | AA5: =IF(T5="-",J5,T5) -> Clock constraint use flag.
A6: 119 | B6: 1 | C6: =IF(R6="-",D6,R6) -> EXPNAME | D6: EXPNAME | E6: 16 | F6: 1 | G6: 1 | H6: A | I6: 3 | J6: Observing program (exp.) name | K6: Session | L6: - | M6: S | N6: - | O6: - | P6: - | Q6: - | R6: - | S6: - | T6: - | U6: - | V6: - | W6: - | X6: =VLOOKUP($D6,global_toc!$C:$K,7,FALSE) -> 99OCT18XA | Y6: =VLOOKUP($D6,global_toc!$C:$K,8,FALSE) -> 00OCT17XE | Z6: =VLOOKUP($D6,global_toc!$C:$K,9,FALSE) -> 51 | AA6: =IF(T6="-",J6,T6) -> Observing program (exp.) name
A7: 122 | B7: 1 | C7: =IF(R7="-",D7,R7) -> Correlator | D7: CORPLACE | E7: 16 | F7: 1 | G7: 1 | H7: A | I7: 1 | J7: Correlator name. | K7: Session | L7: - | M7: K | N7: NGS | O7: - | P7: Head | Q7: - | R7: Correlator | S7: - | T7: - | U7: - | V7: - | W7: - | X7: =VLOOKUP($D7,global_toc!$C:$K,7,FALSE) -> 97DEC03XN | Y7: =VLOOKUP($D7,global_toc!$C:$K,8,FALSE) -> 11OCT17XA | Z7: =VLOOKUP($D7,global_toc!$C:$K,9,FALSE) -> 1701 | AA7: =IF(T7="-",J7,T7) -> Correlator name.
A8: 123 | B8: 1 | C8: =IF(R8="-",D8,R8) -> CorrelatorType | D8: CORRTYPE | E8: 4 | F8: 1 | G8: 1 | H8: A | I8: 1 | J8: Correlator type: MK3/MK4/K4 etc. | K8: Session | L8: - | M8: K | N8: NGS | O8: - | P8: Head | Q8: - | R8: CorrelatorType | S8: - | T8: - | U8: - | V8: - | W8: - | X8: =VLOOKUP($D8,global_toc!$C:$K,7,FALSE) -> 94JUL08XV | Y8: =VLOOKUP($D8,global_toc!$C:$K,8,FALSE) -> 11OCT17XA | Z8: =VLOOKUP($D8,global_toc!$C:$K,9,FALSE) -> 1784 | AA8: =IF(T8="-",J8,T8) -> Correlator type: MK3/MK4/K4 etc.
A9: 125 | B9: 1 | C9: =IF(R9="-",D9,R9) -> ExpDescription | D9: EXPDESC | E9: 40 | F9: 1 | G9: 1 | H9: A | I9: 1 | J9: Experiment description. | K9: Session | L9: - | M9: K | N9: NGS | O9: - | P9: Head | Q9: - | R9: ExpDescription | S9: - | T9: - | U9: - | V9: - | W9: - | X9: =VLOOKUP($D9,global_toc!$C:$K,7,FALSE) -> 97DEC03XN | Y9: =VLOOKUP($D9,global_toc!$C:$K,8,FALSE) -> 11OCT17XA | Z9: =VLOOKUP($D9,global_toc!$C:$K,9,FALSE) -> 1651 | AA9: =IF(T9="-",J9,T9) -> Experiment description.
A10: 124 | B10: 1 | C10: =IF(R10="-",D10,R10) -> ExpName | D10: EXPCODE | E10: 16 | F10: 1 | G10: 1 | H10: A | I10: 1 | J10: Experiment name. | K10: Session | L10: - | M10: K | N10: NGS | O10: - | P10: Head | Q10: - | R10: ExpName | S10: - | T10: - | U10: - | V10: - | W10: - | X10: =VLOOKUP($D10,global_toc!$C:$K,7,FALSE) -> 97DEC03XN | Y10: =VLOOKUP($D10,global_toc!$C:$K,8,FALSE) -> 11OCT17XA | Z10: =VLOOKUP($D10,global_toc!$C:$K,9,FALSE) -> 1651 | AA10: =IF(T10="-",J10,T10) -> Experiment name.
A11: 126 | B11: 1 | C11: =IF(R11="-",D11,R11) -> ExpSerialNumber | D11: EXPSERNO | E11: 1 | F11: 1 | G11: 1 | H11: I | I11: 1 | J11: Experiment Serial Number. | K11: Session | L11: - | M11: K | N11: NGS | O11: - | P11: Head | Q11: - | R11: ExpSerialNumber | S11: - | T11: - | U11: - | V11: - | W11: - | X11: =VLOOKUP($D11,global_toc!$C:$K,7,FALSE) -> 94JUL08XV | Y11: =VLOOKUP($D11,global_toc!$C:$K,8,FALSE) -> 11OCT17XA | Z11: =VLOOKUP($D11,global_toc!$C:$K,9,FALSE) -> 1734 | AA11: =IF(T11="-",J11,T11) -> Experiment Serial Number.
A12: 128 | B12: 1 | C12: =IF(R12="-",D12,R12) -> iUTCInterval | D12: INTRVAL4 | E12: 5 | F12: 2 | G12: 1 | H12: I | I12: 1 | J12: First last UTC tag 4 digit year | K12: Session | L12: See also INTERVAL | M12: K | N12: NGS | O12: - | P12: Head | Q12: - | R12: iUTCInterval | S12: - | T12: First and last UTC time tag in input file. | U12: - | V12: - | W12: - | X12: =VLOOKUP($D12,global_toc!$C:$K,7,FALSE) -> 89FEB22DX | Y12: =VLOOKUP($D12,global_toc!$C:$K,8,FALSE) -> 11OCT17XA | Z12: =VLOOKUP($D12,global_toc!$C:$K,9,FALSE) -> 1915 | AA12: =IF(T12="-",J12,T12) -> First and last UTC time tag in input file.
A13: 127 | B13: 1 | C13: =IF(R13="-",D13,R13) -> iUTCInterval | D13: INTERVAL | E13: 5 | F13: 2 | G13: 1 | H13: I | I13: 1 | J13: First last UTC tag in input file | K13: Session | L13: - | M13: K | N13: NGS | O13: - | P13: Head | Q13: - | R13: iUTCInterval | S13: - | T13: First and last UTC time tag in input file. | U13: - | V13: - | W13: - | X13: =VLOOKUP($D13,global_toc!$C:$K,7,FALSE) -> 79AUG03XX | Y13: =VLOOKUP($D13,global_toc!$C:$K,8,FALSE) -> 11OCT17XA | Z13: =VLOOKUP($D13,global_toc!$C:$K,9,FALSE) -> 5029 | AA13: =IF(T13="-",J13,T13) -> First and last UTC time tag in input file.
A14: 130 | B14: 1 | C14: =IF(R14="-",D14,R14) -> NumObs | D14: NUMB OBS | E14: 1 | F14: 1 | G14: 1 | H14: I | I14: 4 | J14: Number of observations in file. | K14: Session | L14: - | M14: S | N14: NGS | O14: - | P14: Head | Q14: - | R14: NumObs | S14: - | T14: - | U14: - | V14: - | W14: - | X14: =VLOOKUP($D14,global_toc!$C:$K,7,FALSE) -> 79AUG03XX | Y14: =VLOOKUP($D14,global_toc!$C:$K,8,FALSE) -> 11OCT17XA | Z14: =VLOOKUP($D14,global_toc!$C:$K,9,FALSE) -> 5029 | AA14: =IF(T14="-",J14,T14) -> Number of observations in file.
A15: 129 | B15: 1 | C15: =IF(R15="-",D15,R15) -> NumObs | D15: NUM4 OBS | E15: 1 | F15: 1 | G15: 1 | H15: J | I15: 4 | J15: Number of observations (I*4) | K15: Session | L15: Either NUM4 OBS or NUMB OBS is required | M15: S | N15: NGS | O15: - | P15: Head | Q15: - | R15: NumObs | S15: - | T15: - | U15: - | V15: - | W15: - | X15: =VLOOKUP($D15,global_toc!$C:$K,7,FALSE) -> 79AUG03XX | Y15: =VLOOKUP($D15,global_toc!$C:$K,8,FALSE) -> 11OCT17XA | Z15: =VLOOKUP($D15,global_toc!$C:$K,9,FALSE) -> 2598 | AA15: =IF(T15="-",J15,T15) -> Number of observations (I*4)
A16: 131 | B16: N | C16: =IF(R16="-",D16,R16) -> NumScan | D16: NumScan | E16: 1 | F16: 1 | G16: 1 | H16: J | I16: 1 | J16: Number of Scans (Integer*4) | K16: Session | L16: - | M16: S | N16: NGS | O16: - | P16: Head | Q16: - | R16: NumScan | S16: - | T16: - | U16: - | V16: - | W16: - | X16: =VLOOKUP($D16,global_toc!$C:$K,7,FALSE) -> #N/A | Y16: =VLOOKUP($D16,global_toc!$C:$K,8,FALSE) -> #N/A | Z16: =VLOOKUP($D16,global_toc!$C:$K,9,FALSE) -> #N/A | AA16: =IF(T16="-",J16,T16) -> Number of Scans (Integer*4)
A17: 121 | B17: 1 | C17: =IF(R17="-",D17,R17) -> NumSource | D17: # STARS | E17: 1 | F17: 1 | G17: 1 | H17: I | I17: 1 | J17: Number of radio sources. | K17: Session | L17: - | M17: R | N17: NGS | O17: - | P17: Head | Q17: - | R17: NumSource | S17: - | T17: - | U17: - | V17: - | W17: - | X17: =VLOOKUP($D17,global_toc!$C:$K,7,FALSE) -> 79AUG03XX | Y17: =VLOOKUP($D17,global_toc!$C:$K,8,FALSE) -> 11OCT17XA | Z17: =VLOOKUP($D17,global_toc!$C:$K,9,FALSE) -> 5029 | AA17: =IF(T17="-",J17,T17) -> Number of radio sources.
A18: 120 | B18: 1 | C18: =IF(R18="-",D18,R18) -> NumStation | D18: # SITES | E18: 1 | F18: 1 | G18: 1 | H18: I | I18: 1 | J18: Number of sites. | K18: Session | L18: - | M18: R | N18: NGS | O18: - | P18: Head | Q18: - | R18: NumStation | S18: - | T18: - | U18: - | V18: - | W18: - | X18: =VLOOKUP($D18,global_toc!$C:$K,7,FALSE) -> 79AUG03XX | Y18: =VLOOKUP($D18,global_toc!$C:$K,8,FALSE) -> 11OCT17XA | Z18: =VLOOKUP($D18,global_toc!$C:$K,9,FALSE) -> 5029 | AA18: =IF(T18="-",J18,T18) -> Number of sites.
A19: 132 | B19: 1 | C19: =IF(R19="-",D19,R19) -> PrincipalInvestigator | D19: PI NAME | E19: 40 | F19: 1 | G19: 1 | H19: A | I19: 1 | J19: Agency/contact_person/PI name. | K19: Session | L19: - | M19: K | N19: NGS | O19: - | P19: Head | Q19: - | R19: PrincipalInvestigator | S19: - | T19: - | U19: - | V19: - | W19: - | X19: =VLOOKUP($D19,global_toc!$C:$K,7,FALSE) -> 97DEC03XN | Y19: =VLOOKUP($D19,global_toc!$C:$K,8,FALSE) -> 11OCT17XA | Z19: =VLOOKUP($D19,global_toc!$C:$K,9,FALSE) -> 1651 | AA19: =IF(T19="-",J19,T19) -> Agency/contact_person/PI name.
A20: 133 | B20: 1 | C20: =IF(R20="-",D20,R20) -> RecordingMode | D20: RECMODE | E20: 40 | F20: 1 | G20: 1 | H20: A | I20: 1 | J20: Recoding mode. | K20: Session | L20: - | M20: K | N20: Solve | O20: - | P20: Head | Q20: - | R20: RecordingMode | S20: - | T20: - | U20: - | V20: - | W20: - | X20: =VLOOKUP($D20,global_toc!$C:$K,7,FALSE) -> 94JUL08XV | Y20: =VLOOKUP($D20,global_toc!$C:$K,8,FALSE) -> 11OCT17XA | Z20: =VLOOKUP($D20,global_toc!$C:$K,9,FALSE) -> 1734 | AA20: =IF(T20="-",J20,T20) -> Recoding mode.
A21: 135 | B21: N | C21: =IF(R21="-",D21,R21) -> SourceList | D21: SourceList | E21: 4 | F21: 70 | G21: 1 | H21: A | I21: 1 | J21: Source names array. | K21: Session | L21: - | M21: K | N21: NGS | O21: - | P21: Head | Q21: - | R21: SourceList | S21: - | T21: - | U21: - | V21: - | W21: - | X21: =VLOOKUP($D21,global_toc!$C:$K,7,FALSE) -> #N/A | Y21: =VLOOKUP($D21,global_toc!$C:$K,8,FALSE) -> #N/A | Z21: =VLOOKUP($D21,global_toc!$C:$K,9,FALSE) -> #N/A | AA21: =IF(T21="-",J21,T21) -> Source names array.
A22: 134 | B22: N | C22: =IF(R22="-",D22,R22) -> StationList | D22: StationList | E22: 4 | F22: 11 | G22: 1 | H22: A | I22: 1 | J22: Site names array. | K22: Session | L22: - | M22: K | N22: NGS | O22: - | P22: Head | Q22: - | R22: StationList | S22: - | T22: - | U22: - | V22: - | W22: - | X22: =VLOOKUP($D22,global_toc!$C:$K,7,FALSE) -> #N/A | Y22: =VLOOKUP($D22,global_toc!$C:$K,8,FALSE) -> #N/A | Z22: =VLOOKUP($D22,global_toc!$C:$K,9,FALSE) -> #N/A | AA22: =IF(T22="-",J22,T22) -> Site names array.
A23: 266 | B23: 2 | C23: =IF(R23="-",D23,R23) -> AzTheo | D23: AZ-THEO | E23: 2 | F23: 2 | G23: 1 | H23: R | I23: 5 | J23: Azimuth array definition | K23: Station | L23: - | M23: K | N23: NGS | O23: - | P23: AzEl | Q23: - | R23: AzTheo | S23: - | T23: - | U23: 2 | V23: radian | W23: 1.d-8 2.d-11 | X23: =VLOOKUP($D23,global_toc!$C:$K,7,FALSE) -> 79AUG03XX | Y23: =VLOOKUP($D23,global_toc!$C:$K,8,FALSE) -> 11OCT17XA | Z23: =VLOOKUP($D23,global_toc!$C:$K,9,FALSE) -> 5029 | AA23: =IF(T23="-",J23,T23) -> Azimuth array definition
A24: 267 | B24: 2 | C24: =IF(R24="-",D24,R24) -> ElTheo | D24: EL-THEO | E24: 2 | F24: 2 | G24: 1 | H24: R | I24: 5 | J24: Elevation array definition | K24: Station | L24: - | M24: K | N24: NGS | O24: - | P24: AzEl | Q24: - | R24: ElTheo | S24: - | T24: - | U24: 2 | V24: radian | W24: 1.d-8 2.d-11 | X24: =VLOOKUP($D24,global_toc!$C:$K,7,FALSE) -> 79AUG03XX | Y24: =VLOOKUP($D24,global_toc!$C:$K,8,FALSE) -> 11OCT17XA | Z24: =VLOOKUP($D24,global_toc!$C:$K,9,FALSE) -> 5029 | AA24: =IF(T24="-",J24,T24) -> Elevation array definition
A25: 268 | B25: 2 | C25: =IF(R25="-",D25,R25) -> Cal-AxisOffset | D25: AXO CONT | E25: 2 | F25: 2 | G25: 1 | H25: R | I25: 5 | J25: New Axis Offset Contributions | K25: Station | L25: - | M25: K | N25: Solve | O25: - | P25: Cal-AxisOffset | Q25: Y | R25: Cal-AxisOffset | S25: - | T25: - | U25: 2 | V25: second | W25: 1.0d-13 2.d-18 Flip | X25: =VLOOKUP($D25,global_toc!$C:$K,7,FALSE) -> 79AUG03XX | Y25: =VLOOKUP($D25,global_toc!$C:$K,8,FALSE) -> 11OCT17XA | Z25: =VLOOKUP($D25,global_toc!$C:$K,9,FALSE) -> 5029 | AA25: =IF(T25="-",J25,T25) -> New Axis Offset Contributions
A26: 269 | B26: 2 | C26: =IF(R26="-",D26,R26) -> Cal-Cable | D26: CABL DEL | E26: 2 | F26: 2 | G26: 1 | H26: R | I26: 3 | J26: Cable calibration data | K26: Station | L26: - | M26: K | N26: NGS | O26: - | P26: Cal-Cable | Q26: - | R26: Cal-Cable | S26: - | T26: - | U26: 1 | V26: second | W26: 1.d-15 2.d-18 | X26: =VLOOKUP($D26,global_toc!$C:$K,7,FALSE) -> 79AUG03XX | Y26: =VLOOKUP($D26,global_toc!$C:$K,8,FALSE) -> 11OCT17XA | Z26: =VLOOKUP($D26,global_toc!$C:$K,9,FALSE) -> 5002 | AA26: =IF(T26="-",J26,T26) -> Cable calibration data
A27: 271 | B27: N | C27: =IF(R27="-",D27,R27) -> Cal-CableDataFlag | D27: CableDataFlag | E27: 1 | F27: 1 | G27: 1 | H27: I | I27: 3 | J27: - | K27: Station | L27: - | M27: K | N27: NGS | O27: - | P27: Cal-Cable | Q27: - | R27: Cal-CableDataFlag | S27: - | T27: 0=OK, -1=Missing, -2=bad, 1=Used Near pt | U27: - | V27: - | W27: - | X27: =VLOOKUP($D27,global_toc!$C:$K,7,FALSE) -> #N/A | Y27: =VLOOKUP($D27,global_toc!$C:$K,8,FALSE) -> #N/A | Z27: =VLOOKUP($D27,global_toc!$C:$K,9,FALSE) -> #N/A | AA27: =IF(T27="-",J27,T27) -> 0=OK, -1=Missing, -2=bad, 1=Used Near pt
A28: 270 | B28: N | C28: =IF(R28="-",D28,R28) -> Cal-CableHistory | D28: CableCalHistory | E28: 30 | F28: 1 | G28: 1 | H28: A | I28: N | J28: Description of cable-cal processing | K28: Station | L28: - | M28: K | N28: Solve | O28: - | P28: Cal-Cable | Q28: - | R28: Cal-CableHistory | S28: - | T28: - | U28: - | V28: - | W28: - | X28: =VLOOKUP($D28,global_toc!$C:$K,7,FALSE) -> #N/A | Y28: =VLOOKUP($D28,global_toc!$C:$K,8,FALSE) -> #N/A | Z28: =VLOOKUP($D28,global_toc!$C:$K,9,FALSE) -> #N/A | AA28: =IF(T28="-",J28,T28) -> Description of cable-cal processing
A29: 272 | B29: 2 | C29: =IF(R29="-",D29,R29) -> Cal-SlantPathTropDry | D29: NDRYCONT | E29: 2 | F29: 2 | G29: 1 | H29: R | I29: 5 | J29: Nhmf (dry) atm. contribution | K29: Station | L29: - | M29: K | N29: Solve | O29: - | P29: Cal-SlantPathTropDry_kNMF | Q29: Y | R29: Cal-SlantPathTropDry | S29: - | T29: - | U29: 2 | V29: second | W29: 1.d-13 1.d-16 Flip | X29: =VLOOKUP($D29,global_toc!$C:$K,7,FALSE) -> 79AUG03XX | Y29: =VLOOKUP($D29,global_toc!$C:$K,8,FALSE) -> 11OCT17XA | Z29: =VLOOKUP($D29,global_toc!$C:$K,9,FALSE) -> 5029 | AA29: =IF(T29="-",J29,T29) -> Nhmf (dry) atm. contribution
A30: 273 | B30: 2 | C30: =IF(R30="-",D30,R30) -> Cal-SlantPathTropWet | D30: NWETCONT | E30: 2 | F30: 2 | G30: 1 | H30: R | I30: 5 | J30: Whmf (wet) atm. contribution | K30: Station | L30: - | M30: K | N30: Solve | O30: - | P30: Cal-SlantPathTropWet_kNMF | Q30: Y | R30: Cal-SlantPathTropWet | S30: - | T30: - | U30: 2 | V30: second | W30: 1.d-13 1.d-16 Flip | X30: =VLOOKUP($D30,global_toc!$C:$K,7,FALSE) -> 79AUG03XX | Y30: =VLOOKUP($D30,global_toc!$C:$K,8,FALSE) -> 11OCT17XA | Z30: =VLOOKUP($D30,global_toc!$C:$K,9,FALSE) -> 5029 | AA30: =IF(T30="-",J30,T30) -> Whmf (wet) atm. contribution
A31: 274 | B31: 2 | C31: =IF(R31="-",D31,R31) -> Cal-StationOceanLoadHoriz | D31: OCE HORZ | E31: 2 | F31: 2 | G31: 1 | H31: R | I31: 5 | J31: Site-dep ocean cont - horizontal | K31: Station | L31: - | M31: K | N31: - | O31: - | P31: Cal-StationOceanLoad | Q31: Y | R31: Cal-StationOceanLoadHoriz | S31: - | T31: - | U31: 2 | V31: second | W31: 1.d-6 1.d-9 | X31: =VLOOKUP($D31,global_toc!$C:$K,7,FALSE) -> 79AUG03XX | Y31: =VLOOKUP($D31,global_toc!$C:$K,8,FALSE) -> 11OCT17XA | Z31: =VLOOKUP($D31,global_toc!$C:$K,9,FALSE) -> 5029 | AA31: =IF(T31="-",J31,T31) -> Site-dep ocean cont - horizontal
A32: 275 | B32: 2 | C32: =IF(R32="-",D32,R32) -> Cal-StationOceanLoadVert | D32: OCE VERT | E32: 2 | F32: 2 | G32: 1 | H32: R | I32: 5 | J32: Site-dep ocean cont - vertical | K32: Station | L32: - | M32: K | N32: - | O32: - | P32: Cal-StationOceanLoad | Q32: Y | R32: Cal-StationOceanLoadVert | S32: - | T32: - | U32: 2 | V32: second | W32: 1.d-6 1.d-9 | X32: =VLOOKUP($D32,global_toc!$C:$K,7,FALSE) -> 79AUG03XX | Y32: =VLOOKUP($D32,global_toc!$C:$K,8,FALSE) -> 11OCT17XA | Z32: =VLOOKUP($D32,global_toc!$C:$K,9,FALSE) -> 5029 | AA32: =IF(T32="-",J32,T32) -> Site-dep ocean cont - vertical
A33: 276 | B33: 2 | C33: =IF(R33="-",D33,R33) -> Dis-OceanLoad | D33: OCE DELD | E33: 3 | F33: 2 | G33: 2 | H33: R | I33: 5 | J33: Ocean load site depndnt displace | K33: Station | L33: - | M33: K | N33: - | O33: - | P33: Dis-OceanLoad | Q33: Y | R33: Dis-OceanLoad | S33: - | T33: - | U33: 2 | V33: meter | W33: 1.d-6 1.d-9 | X33: =VLOOKUP($D33,global_toc!$C:$K,7,FALSE) -> 79AUG03XX | Y33: =VLOOKUP($D33,global_toc!$C:$K,8,FALSE) -> 11OCT17XA | Z33: =VLOOKUP($D33,global_toc!$C:$K,9,FALSE) -> 5029 | AA33: =IF(T33="-",J33,T33) -> Ocean load site depndnt displace
A34: 280 | B34: 2 | C34: =IF(R34="-",D34,R34) -> FeedRotation | D34: PARANGLE | E34: 2 | F34: 1 | G34: 1 | H34: R | I34: 5 | J34: Feedhorn rot. angle ref and rem | K34: Station | L34: - | M34: k | N34: - | O34: - | P34: FeedRotation | Q34: Y | R34: FeedRotation | S34: - | T34: Feedhorn rotation angle. | U34: 1 | V34: degree | W34: 1.d-6 | X34: =VLOOKUP($D34,global_toc!$C:$K,7,FALSE) -> 79AUG03XX | Y34: =VLOOKUP($D34,global_toc!$C:$K,8,FALSE) -> 11OCT17XA | Z34: =VLOOKUP($D34,global_toc!$C:$K,9,FALSE) -> 5029 | AA34: =IF(T34="-",J34,T34) -> Feedhorn rotation angle.
A35: 277 | B35: 2 | C35: =IF(R35="-",D35,R35) -> AtmPres | D35: ATM PRES | E35: 2 | F35: 2 | G35: 1 | H35: R | I35: 3 | J35: Pressure in mb at site | K35: Station | L35: - | M35: K | N35: NGS | O35: - | P35: Met | Q35: - | R35: AtmPres | S35: - | T35: Pressure in hPa at site | U35: 1 | V35: hPa | W35: 1.d-4 | X35: =VLOOKUP($D35,global_toc!$C:$K,7,FALSE) -> 79AUG03XX | Y35: =VLOOKUP($D35,global_toc!$C:$K,8,FALSE) -> 11OCT17XA | Z35: =VLOOKUP($D35,global_toc!$C:$K,9,FALSE) -> 5022 | AA35: =IF(T35="-",J35,T35) -> Pressure in hPa at site
A36: 278 | B36: 2 | C36: =IF(R36="-",D36,R36) -> RelHum | D36: REL.HUM. | E36: 2 | F36: 2 | G36: 1 | H36: R | I36: 3 | J36: Rel.Hum. at local WX st (50%=.5) | K36: Station | L36: - | M36: K | N36: NGS | O36: - | P36: Met | Q36: - | R36: RelHum | S36: - | T36: - | U36: 1 | V36: % | W36: 1.d-4 | X36: =VLOOKUP($D36,global_toc!$C:$K,7,FALSE) -> 79AUG03XX | Y36: =VLOOKUP($D36,global_toc!$C:$K,8,FALSE) -> 11OCT17XA | Z36: =VLOOKUP($D36,global_toc!$C:$K,9,FALSE) -> 5022 | AA36: =IF(T36="-",J36,T36) -> Rel.Hum. at local WX st (50%=.5)
A37: 279 | B37: 2 | C37: =IF(R37="-",D37,R37) -> TempC | D37: TEMP C | E37: 2 | F37: 2 | G37: 1 | H37: R | I37: 3 | J37: Temp in C at local WX station | K37: Station | L37: - | M37: K | N37: NGS | O37: - | P37: Met | Q37: - | R37: TempC | S37: - | T37: - | U37: 1 | V37: Celsius | W37: 1.d-4 | X37: =VLOOKUP($D37,global_toc!$C:$K,7,FALSE) -> 79AUG03XX | Y37: =VLOOKUP($D37,global_toc!$C:$K,8,FALSE) -> 11OCT17XA | Z37: =VLOOKUP($D37,global_toc!$C:$K,9,FALSE) -> 5022 | AA37: =IF(T37="-",J37,T37) -> Temp in C at local WX station
A38: 281 | B38: 2 | C38: =IF(R38="-",D38,R38) -> Part-AxisOffset | D38: AXO PART | E38: 2 | F38: 2 | G38: 1 | H38: R | I38: 5 | J38: Axis Offset partial deriv. def. | K38: Station | L38: - | M38: K | N38: Solve | O38: - | P38: Part-AxisOffset | Q38: Y | R38: Part-AxisOffset | S38: - | T38: - | U38: 2 | V38: second | W38: 1.d-14 2.d-18 Flip | X38: =VLOOKUP($D38,global_toc!$C:$K,7,FALSE) -> 79AUG03XX | Y38: =VLOOKUP($D38,global_toc!$C:$K,8,FALSE) -> 11OCT17XA | Z38: =VLOOKUP($D38,global_toc!$C:$K,9,FALSE) -> 5029 | AA38: =IF(T38="-",J38,T38) -> Axis Offset partial deriv. def.
A39: 294 | B39: 2 | C39: =IF(R39="-",D39,R39) -> Part-HorizonGrad | D39: NGRADPAR | E39: 2 | F39: 2 | G39: 2 | H39: R | I39: 5 | J39: Niell dry atm. gradient partials | K39: Station | L39: - | M39: S | N39: Solve | O39: - | P39: Part-HorizonGrad_kNMF | Q39: Y | R39: Part-HorizonGrad | S39: NMFGrad_EW NMFGrad_NS | T39: - | U39: 2 | V39: second | W39: 1.d-6 1.d-9 Flip | X39: =VLOOKUP($D39,global_toc!$C:$K,7,FALSE) -> 79AUG03XX | Y39: =VLOOKUP($D39,global_toc!$C:$K,8,FALSE) -> 11OCT17XA | Z39: =VLOOKUP($D39,global_toc!$C:$K,9,FALSE) -> 5029 | AA39: =IF(T39="-",J39,T39) -> Niell dry atm. gradient partials
A40: 282 | B40: 2 | C40: =IF(R40="-",D40,R40) -> Part-ZenithPathTropDry | D40: NDRYPART | E40: 2 | F40: 2 | G40: 1 | H40: R | I40: 5 | J40: Nhmf2 dry partial deriv. def. | K40: Station | L40: - | M40: K | N40: Solve | O40: - | P40: Part-ZenithPathTropDry_kNMF | Q40: Y | R40: Part-ZenithPathTropDry | S40: - | T40: - | U40: 2 | V40: second | W40: 1.d-6 1.d-9 Flip | X40: =VLOOKUP($D40,global_toc!$C:$K,7,FALSE) -> 79AUG03XX | Y40: =VLOOKUP($D40,global_toc!$C:$K,8,FALSE) -> 11OCT17XA | Z40: =VLOOKUP($D40,global_toc!$C:$K,9,FALSE) -> 5029 | AA40: =IF(T40="-",J40,T40) -> Nhmf2 dry partial deriv. def.
A41: 283 | B41: 2 | C41: =IF(R41="-",D41,R41) -> Part-ZenithPathTropWet | D41: NWETPART | E41: 2 | F41: 2 | G41: 1 | H41: R | I41: 5 | J41: Whmf2 wet partial deriv. def. | K41: Station | L41: - | M41: K | N41: Solve | O41: - | P41: Part-ZenithPathTropWet_kNMF | Q41: Y | R41: Part-ZenithPathTropWet | S41: - | T41: NMF Wet Partial | U41: 2 | V41: second | W41: 1.d-6 1.d-9 Flip | X41: =VLOOKUP($D41,global_toc!$C:$K,7,FALSE) -> 79AUG03XX | Y41: =VLOOKUP($D41,global_toc!$C:$K,8,FALSE) -> 11OCT17XA | Z41: =VLOOKUP($D41,global_toc!$C:$K,9,FALSE) -> 5029 | AA41: =IF(T41="-",J41,T41) -> NMF Wet Partial
A42: 284 | B42: N | C42: =IF(R42="-",D42,R42) -> Second | D42: StationTimeSecond | E42: 1 | F42: 1 | G42: 1 | H42: R | I42: N | J42: - | K42: Station | L42: - | M42: K | N42: NGS | O42: - | P42: TimeUTC | Q42: - | R42: Second | S42: - | T42: Seconds part of time-tag | U42: - | V42: second | W42: - | X42: =VLOOKUP($D42,global_toc!$C:$K,7,FALSE) -> #N/A | Y42: =VLOOKUP($D42,global_toc!$C:$K,8,FALSE) -> #N/A | Z42: =VLOOKUP($D42,global_toc!$C:$K,9,FALSE) -> #N/A | AA42: =IF(T42="-",J42,T42) -> Seconds part of time-tag
A43: 285 | B43: N | C43: =IF(R43="-",D43,R43) -> YMDHM | D43: StationTimeYMDHM | E43: 5 | F43: 1 | G43: 1 | H43: I | I43: N | J43: - | K43: Station | L43: - | M43: K | N43: NGS | O43: - | P43: TimeUTC | Q43: - | R43: YMDHM | S43: - | T43: Year, Month, Day, Hour, Minute part of time-tag | U43: - | V43: - | W43: - | X43: =VLOOKUP($D43,global_toc!$C:$K,7,FALSE) -> #N/A | Y43: =VLOOKUP($D43,global_toc!$C:$K,8,FALSE) -> #N/A | Z43: =VLOOKUP($D43,global_toc!$C:$K,9,FALSE) -> #N/A | AA43: =IF(T43="-",J43,T43) -> Year, Month, Day, Hour, Minute part of time-tag
A44: 287 | B44: 2 | C44: =IF(R44="-",D44,R44) -> F12VOLT | D44: F12 VOLT | E44: 2 | F44: 2 | G44: 1 | H44: R | I44: 1 | J44: F1, F2 VOLT . | K44: Station | L44: - | M44: K | N44: Solve | O44: - | P44: WVR | Q44: - | R44: F12VOLT | S44: - | T44: - | U44: 1 | V44: V | W44: - | X44: =VLOOKUP($D44,global_toc!$C:$K,7,FALSE) -> 84JUL18DX | Y44: =VLOOKUP($D44,global_toc!$C:$K,8,FALSE) -> 91MAR25DX | Z44: =VLOOKUP($D44,global_toc!$C:$K,9,FALSE) -> 40 | AA44: =IF(T44="-",J44,T44) -> F1, F2 VOLT .
A45: 292 | B45: 2 | C45: =IF(R45="-",D45,R45) -> WVRDelay | D45: WVRDELAY | E45: 2 | F45: 2 | G45: 2 | H45: R | I45: 1 | J45: WVR line of sight & ZENITH(sec) | K45: Station | L45: - | M45: K | N45: Solve | O45: - | P45: WVR | Q45: - | R45: WVRDelay | S45: - | T45: - | U45: 1 | V45: ns | W45: - | X45: =VLOOKUP($D45,global_toc!$C:$K,7,FALSE) -> 80SEP29X_ | Y45: =VLOOKUP($D45,global_toc!$C:$K,8,FALSE) -> 91MAR25DX | Z45: =VLOOKUP($D45,global_toc!$C:$K,9,FALSE) -> 229 | AA45: =IF(T45="-",J45,T45) -> WVR line of sight & ZENITH(sec)
A46: 291 | B46: 2 | C46: =IF(R46="-",D46,R46) -> WVRDelay | D46: WVR.DELY | E46: 2 | F46: 2 | G46: 1 | H46: R | I46: 1 | J46: WVR PATH DELAYWVR PATH DELAY AND | K46: Station | L46: - | M46: K | N46: Solve | O46: - | P46: WVR | Q46: - | R46: WVRDelay | S46: - | T46: - | U46: 1 | V46: ns | W46: - | X46: =VLOOKUP($D46,global_toc!$C:$K,7,FALSE) -> 80JUL26X_ | Y46: =VLOOKUP($D46,global_toc!$C:$K,8,FALSE) -> 81MAY13X_ | Z46: =VLOOKUP($D46,global_toc!$C:$K,9,FALSE) -> 10 | AA46: =IF(T46="-",J46,T46) -> WVR PATH DELAYWVR PATH DELAY AND
A47: 289 | B47: 2 | C47: =IF(R47="-",D47,R47) -> WVRDelay | D47: WVR DELY | E47: 2 | F47: 2 | G47: 2 | H47: R | I47: 1 | J47: WVR LINE OF SIGHT & ZENITH(NSEC) | K47: Station | L47: - | M47: K | N47: Solve | O47: - | P47: WVR | Q47: - | R47: WVRDelay | S47: - | T47: - | U47: 1 | V47: ns | W47: - | X47: =VLOOKUP($D47,global_toc!$C:$K,7,FALSE) -> 82JUN16X_ | Y47: =VLOOKUP($D47,global_toc!$C:$K,8,FALSE) -> 84MAY08X_ | Z47: =VLOOKUP($D47,global_toc!$C:$K,9,FALSE) -> 101 | AA47: =IF(T47="-",J47,T47) -> WVR LINE OF SIGHT & ZENITH(NSEC)
A48: 288 | B48: 2 | C48: =IF(R48="-",D48,R48) -> WVRQcode | D48: WVR CODE | E48: 2 | F48: 1 | G48: 1 | H48: I | I48: 2 | J48: WVR DELAY DATA QUALITY CODE | K48: Station | L48: - | M48: K | N48: Solve | O48: - | P48: WVR | Q48: - | R48: WVRQcode | S48: - | T48: - | U48: 1 | V48: Second | W48: - | X48: =VLOOKUP($D48,global_toc!$C:$K,7,FALSE) -> 80SEP29X_ | Y48: =VLOOKUP($D48,global_toc!$C:$K,8,FALSE) -> 89OCT31X_ | Z48: =VLOOKUP($D48,global_toc!$C:$K,9,FALSE) -> 190 | AA48: =IF(T48="-",J48,T48) -> WVR DELAY DATA QUALITY CODE
A49: 286 | B49: 2 | C49: =IF(R49="-",D49,R49) -> WVRTemp | D49: BRT TEMP | E49: 2 | F49: 2 | G49: 1 | H49: R | I49: 1 | J49: BRT TEMP (K) OF WVR ,F1,F2. | K49: Station | L49: - | M49: K | N49: Solve | O49: - | P49: WVR | Q49: - | R49: WVRTemp | S49: - | T49: - | U49: 1 | V49: K | W49: - | X49: =VLOOKUP($D49,global_toc!$C:$K,7,FALSE) -> 84JUL18DX | Y49: =VLOOKUP($D49,global_toc!$C:$K,8,FALSE) -> 91MAR25DX | Z49: =VLOOKUP($D49,global_toc!$C:$K,9,FALSE) -> 40 | AA49: =IF(T49="-",J49,T49) -> BRT TEMP (K) OF WVR ,F1,F2.
A50: 290 | B50: 2 | C50: =IF(R50="-",D50,R50) -> WVRTempRef | D50: WVR TEMP | E50: 3 | F50: 2 | G50: 1 | H50: R | I50: 1 | J50: REFERENCE1,2 WVR TEMP (K). | K50: Station | L50: - | M50: K | N50: Solve | O50: - | P50: WVR | Q50: - | R50: WVRTempRef | S50: - | T50: - | U50: 1 | V50: K | W50: - | X50: =VLOOKUP($D50,global_toc!$C:$K,7,FALSE) -> 84JUL18DX | Y50: =VLOOKUP($D50,global_toc!$C:$K,8,FALSE) -> 91MAR25DX | Z50: =VLOOKUP($D50,global_toc!$C:$K,9,FALSE) -> 40 | AA50: =IF(T50="-",J50,T50) -> REFERENCE1,2 WVR TEMP (K).
A51: 134 | B51: N | C51: =IF(R51="-",D51,R51) -> AntennaStationList | D51: AntennaStationList | E51: 4 | F51: 11 | G51: 1 | H51: A | I51: 1 | J51: List of Antennas | K51: Session | L51: - | M51: K | N51: NGS | O51: Apriori | P51: Antenna | Q51: - | R51: AntennaStationList | S51: - | T51: - | U51: - | V51: - | W51: - | X51: =VLOOKUP($D51,global_toc!$C:$K,7,FALSE) -> #N/A | Y51: =VLOOKUP($D51,global_toc!$C:$K,8,FALSE) -> #N/A | Z51: =VLOOKUP($D51,global_toc!$C:$K,9,FALSE) -> #N/A | AA51: =IF(T51="-",J51,T51) -> List of Antennas
A52: 142 | B52: 1 | C52: =IF(R52="-",D52,R52) -> AntennaAxisOffset | D52: AXISOFFS | E52: 11 | F52: 1 | G52: 1 | H52: R | I52: 5 | J52: Axis offsets (m). | K52: Session | L52: - | M52: R | N52: NGS | O52: Apriori | P52: Antenna | Q52: - | R52: AntennaAxisOffset | S52: - | T52: - | U52: - | V52: M | W52: - | X52: =VLOOKUP($D52,global_toc!$C:$K,7,FALSE) -> 79AUG03XX | Y52: =VLOOKUP($D52,global_toc!$C:$K,8,FALSE) -> 11OCT17XA | Z52: =VLOOKUP($D52,global_toc!$C:$K,9,FALSE) -> 5029 | AA52: =IF(T52="-",J52,T52) -> Axis offsets (m).
A53: 143 | B53: 1 | C53: =IF(R53="-",D53,R53) -> AntennaAxisTilt | D53: AXISTILT | E53: 2 | F53: 11 | G53: 1 | H53: R | I53: 5 | J53: Fixed axis tilts (arc-sec). | K53: Session | L53: - | M53: K | N53: NGS | O53: Apriori | P53: Antenna | Q53: - | R53: AntennaAxisTilt | S53: - | T53: Fixed axis tilt | U53: - | V53: Radian | W53: - | X53: =VLOOKUP($D53,global_toc!$C:$K,7,FALSE) -> 79AUG03XX | Y53: =VLOOKUP($D53,global_toc!$C:$K,8,FALSE) -> 11OCT17XA | Z53: =VLOOKUP($D53,global_toc!$C:$K,9,FALSE) -> 5029 | AA53: =IF(T53="-",J53,T53) -> Fixed axis tilt
A54: 144 | B54: 1 | C54: =IF(R54="-",D54,R54) -> AntennaAxisType | D54: AXISTYPS | E54: 11 | F54: 1 | G54: 1 | H54: I | I54: 5 | J54: Axis type (1-eq 2-xy 3-azel 4 5) | K54: Session | L54: - | M54: R | N54: NGS | O54: Apriori | P54: Antenna | Q54: - | R54: AntennaAxisType | S54: - | T54: - | U54: - | V54: - | W54: - | X54: =VLOOKUP($D54,global_toc!$C:$K,7,FALSE) -> 79AUG03XX | Y54: =VLOOKUP($D54,global_toc!$C:$K,8,FALSE) -> 11OCT17XA | Z54: =VLOOKUP($D54,global_toc!$C:$K,9,FALSE) -> 5029 | AA54: =IF(T54="-",J54,T54) -> Axis type (1-eq 2-xy 3-azel 4 5)
A55: 137 | B55: 1 | C55: =IF(R55="-",D55,R55) -> AprioriClockOffset | D55: CLOOFACM | E55: 4 | F55: 1 | G55: 1 | H55: R | I55: 4 | J55: A priori clock offset (sec) | K55: Session | L55: - | M55: K | N55: Solve | O55: Apriori | P55: Clock | Q55: - | R55: AprioriClockOffset | S55: - | T55: - | U55: - | V55: - | W55: - | X55: =VLOOKUP($D55,global_toc!$C:$K,7,FALSE) -> 79AUG03XX | Y55: =VLOOKUP($D55,global_toc!$C:$K,8,FALSE) -> 11OCT17XA | Z55: =VLOOKUP($D55,global_toc!$C:$K,9,FALSE) -> 2393 | AA55: =IF(T55="-",J55,T55) -> A priori clock offset (sec)
A56: 136 | B56: 1 | C56: =IF(R56="-",D56,R56) -> AprioriClockRate | D56: CLODRACM | E56: 4 | F56: 1 | G56: 1 | H56: R | I56: 4 | J56: A priori clock drift (sec/sec) | K56: Session | L56: - | M56: K | N56: Solve | O56: Apriori | P56: Clock | Q56: - | R56: AprioriClockRate | S56: - | T56: - | U56: - | V56: - | W56: - | X56: =VLOOKUP($D56,global_toc!$C:$K,7,FALSE) -> 79AUG03XX | Y56: =VLOOKUP($D56,global_toc!$C:$K,8,FALSE) -> 11OCT17XA | Z56: =VLOOKUP($D56,global_toc!$C:$K,9,FALSE) -> 2393 | AA56: =IF(T56="-",J56,T56) -> A priori clock drift (sec/sec)
A57: 138 | B57: 1 | C57: =IF(R57="-",D57,R57) -> AprioriClockStationList | D57: STAT_ACM | E57: 4 | F57: 4 | G57: 1 | H57: A | I57: 4 | J57: Stations with a priori clock mod | K57: Session | L57: - | M57: K | N57: Solve | O57: Apriori | P57: Clock | Q57: - | R57: AprioriClockStationList | S57: - | T57: - | U57: - | V57: - | W57: - | X57: =VLOOKUP($D57,global_toc!$C:$K,7,FALSE) -> 79AUG03XX | Y57: =VLOOKUP($D57,global_toc!$C:$K,8,FALSE) -> 11OCT17XA | Z57: =VLOOKUP($D57,global_toc!$C:$K,9,FALSE) -> 2393 | AA57: =IF(T57="-",J57,T57) -> Stations with a priori clock mod
A58: 147 | B58: 1 | C58: =IF(R58="-",D58,R58) -> EccentricityMonument | D58: ECCNAMES | E58: 9 | F58: 11 | G58: 1 | H58: A | I58: 4 | J58: Ecc. site and monument names. | K58: Session | L58: - | M58: S | N58: NGS | O58: Apriori | P58: Eccentricity | Q58: - | R58: EccentricityMonument | S58: - | T58: Eccentricity monument name | U58: - | V58: - | W58: - | X58: =VLOOKUP($D58,global_toc!$C:$K,7,FALSE) -> 79AUG03XX | Y58: =VLOOKUP($D58,global_toc!$C:$K,8,FALSE) -> 11OCT17XA | Z58: =VLOOKUP($D58,global_toc!$C:$K,9,FALSE) -> 5028 | AA58: =IF(T58="-",J58,T58) -> Eccentricity monument name
A59: 134 | B59: N | C59: =IF(R59="-",D59,R59) -> EccentricityStationList | D59: EccentricityStationList | E59: 4 | F59: 11 | G59: 1 | H59: A | I59: 1 | J59: Site names array. | K59: Session | L59: - | M59: K | N59: NGS | O59: Apriori | P59: Eccentricity | Q59: - | R59: EccentricityStationList | S59: - | T59: - | U59: - | V59: - | W59: - | X59: =VLOOKUP($D59,global_toc!$C:$K,7,FALSE) -> #N/A | Y59: =VLOOKUP($D59,global_toc!$C:$K,8,FALSE) -> #N/A | Z59: =VLOOKUP($D59,global_toc!$C:$K,9,FALSE) -> #N/A | AA59: =IF(T59="-",J59,T59) -> Site names array.
A60: 148 | B60: 1 | C60: =IF(R60="-",D60,R60) -> EccentricityType | D60: ECCTYPES | E60: 11 | F60: 1 | G60: 1 | H60: A | I60: 4 | J60: Eccentricy types - XY or NE. | K60: Session | L60: - | M60: S | N60: NGS | O60: Apriori | P60: Eccentricity | Q60: - | R60: EccentricityType | S60: - | T60: Eccentricity type: XY or NE | U60: - | V60: - | W60: - | X60: =VLOOKUP($D60,global_toc!$C:$K,7,FALSE) -> 79AUG03XX | Y60: =VLOOKUP($D60,global_toc!$C:$K,8,FALSE) -> 11OCT17XA | Z60: =VLOOKUP($D60,global_toc!$C:$K,9,FALSE) -> 5028 | AA60: =IF(T60="-",J60,T60) -> Eccentricity type: XY or NE
A61: 146 | B61: 1 | C61: =IF(R61="-",D61,R61) -> EccentricityVector | D61: ECCCOORD | E61: 3 | F61: 11 | G61: 1 | H61: R | I61: 4 | J61: Eccentricity coords. (m) | K61: Session | L61: - | M61: S | N61: NGS | O61: Apriori | P61: Eccentricity | Q61: - | R61: EccentricityVector | S61: - | T61: Eccentricity taken from eccentricity file. | U61: - | V61: Meter | W61: - | X61: =VLOOKUP($D61,global_toc!$C:$K,7,FALSE) -> 79AUG03XX | Y61: =VLOOKUP($D61,global_toc!$C:$K,8,FALSE) -> 11OCT17XA | Z61: =VLOOKUP($D61,global_toc!$C:$K,9,FALSE) -> 5028 | AA61: =IF(T61="-",J61,T61) -> Eccentricity taken from eccentricity file.
A62: 141 | B62: 1 | C62: =IF(R62="-",D62,R62) -> AprioriSourceList | D62: STRNAMES | E62: 4 | F62: 70 | G62: 1 | H62: A | I62: 1 | J62: Source names array. | K62: Session | L62: - | M62: N | N62: NGS | O62: Apriori | P62: Source | Q62: - | R62: AprioriSourceList | S62: - | T62: Source names in RA order. | U62: - | V62: - | W62: - | X62: =VLOOKUP($D62,global_toc!$C:$K,7,FALSE) -> 79AUG03XX | Y62: =VLOOKUP($D62,global_toc!$C:$K,8,FALSE) -> 11OCT17XA | Z62: =VLOOKUP($D62,global_toc!$C:$K,9,FALSE) -> 5029 | AA62: =IF(T62="-",J62,T62) -> Source names in RA order.
A63: 140 | B63: 1 | C63: =IF(R63="-",D63,R63) -> AprioriSource2000RaDec | D63: STAR2000 | E63: 2 | F63: 70 | G63: 1 | H63: R | I63: 5 | J63: J2000 source RAs decs (rd rd). | K63: Session | L63: - | M63: R | N63: NGS | O63: Apriori | P63: Source | Q63: - | R63: AprioriSource2000RaDec | S63: - | T63: J2000 Source RA and Dec | U63: - | V63: Radian | W63: - | X63: =VLOOKUP($D63,global_toc!$C:$K,7,FALSE) -> 79AUG03XX | Y63: =VLOOKUP($D63,global_toc!$C:$K,8,FALSE) -> 11OCT17XA | Z63: =VLOOKUP($D63,global_toc!$C:$K,9,FALSE) -> 5029 | AA63: =IF(T63="-",J63,T63) -> J2000 Source RA and Dec
A64: 139 | B64: 1 | C64: =IF(R64="-",D64,R64) -> AprioriSourceReference | D64: STAR REF | E64: 10 | F64: 70 | G64: 1 | H64: A | I64: 5 | J64: Source of coordinate values. | K64: Session | L64: - | M64: K | N64: NGS | O64: Apriori | P64: Source | Q64: - | R64: AprioriSourceReference | S64: - | T64: - | U64: - | V64: - | W64: - | X64: =VLOOKUP($D64,global_toc!$C:$K,7,FALSE) -> 79AUG03XX | Y64: =VLOOKUP($D64,global_toc!$C:$K,8,FALSE) -> 11OCT17XA | Z64: =VLOOKUP($D64,global_toc!$C:$K,9,FALSE) -> 5029 | AA64: =IF(T64="-",J64,T64) -> Source of coordinate values.
A65: 151 | B65: 1 | C65: =IF(R65="-",D65,R65) -> AprioriStationList | D65: SITNAMES | E65: 4 | F65: 11 | G65: 1 | H65: A | I65: 1 | J65: Site names array in alphabetical order | K65: Session | L65: - | M65: N | N65: NGS | O65: Apriori | P65: Station | Q65: - | R65: AprioriStationList | S65: - | T65: Site names in alphabetical order | U65: - | V65: - | W65: - | X65: =VLOOKUP($D65,global_toc!$C:$K,7,FALSE) -> 79AUG03XX | Y65: =VLOOKUP($D65,global_toc!$C:$K,8,FALSE) -> 11OCT17XA | Z65: =VLOOKUP($D65,global_toc!$C:$K,9,FALSE) -> 5029 | AA65: =IF(T65="-",J65,T65) -> Site names in alphabetical order
A66: 145 | B66: X | C66: =IF(R66="-",D66,R66) -> AprioriStationDomesNumber | D66: DOMESNR | E66: 4 | F66: 1 | G66: 1 | H66: A | I66: N | J66: Domes number array | K66: Session | L66: - | M66: N | N66: NGS | O66: Apriori | P66: Station | Q66: - | R66: AprioriStationDomesNumber | S66: - | T66: - | U66: - | V66: - | W66: - | X66: =VLOOKUP($D66,global_toc!$C:$K,7,FALSE) -> #N/A | Y66: =VLOOKUP($D66,global_toc!$C:$K,8,FALSE) -> #N/A | Z66: =VLOOKUP($D66,global_toc!$C:$K,9,FALSE) -> #N/A | AA66: =IF(T66="-",J66,T66) -> Domes number array
A67: 149 | B67: N | C67: =IF(R67="-",D67,R67) -> AprioriStationIERZSArray | D67: IERSDES | E67: 4 | F67: 1 | G67: 1 | H67: A | I67: N | J67: IERZS Designation array | K67: Session | L67: - | M67: N | N67: NGS | O67: Apriori | P67: Station | Q67: - | R67: AprioriStationIERZSArray | S67: - | T67: - | U67: - | V67: - | W67: - | X67: =VLOOKUP($D67,global_toc!$C:$K,7,FALSE) -> #N/A | Y67: =VLOOKUP($D67,global_toc!$C:$K,8,FALSE) -> #N/A | Z67: =VLOOKUP($D67,global_toc!$C:$K,9,FALSE) -> #N/A | AA67: =IF(T67="-",J67,T67) -> IERZS Designation array
A68: 150 | B68: 1 | C68: =IF(R68="-",D68,R68) -> AprioriStationXYZ | D68: SITERECS | E68: 3 | F68: 11 | G68: 1 | H68: R | I68: 5 | J68: Site cartesian coords (m). | K68: Session | L68: - | M68: N | N68: NGS | O68: Apriori | P68: Station | Q68: - | R68: AprioriStationXYZ | S68: - | T68: - | U68: - | V68: M | W68: - | X68: =VLOOKUP($D68,global_toc!$C:$K,7,FALSE) -> 79AUG03XX | Y68: =VLOOKUP($D68,global_toc!$C:$K,8,FALSE) -> 11OCT17XA | Z68: =VLOOKUP($D68,global_toc!$C:$K,9,FALSE) -> 5029 | AA68: =IF(T68="-",J68,T68) -> Site cartesian coords (m).
A69: 89 | B69: 1 | C69: =IF(R69="-",D69,R69) -> AprioriStationTectonicPlate | D69: TECTPLNM | E69: 2 | F69: 11 | G69: 1 | H69: A | I69: 5 | J69: 4-char tectonic plate names. | K69: Session | L69: - | M69: K | N69: NGS | O69: Apriori | P69: Station | Q69: - | R69: AprioriStationTectonicPlate | S69: - | T69: - | U69: - | V69: - | W69: - | X69: =VLOOKUP($D69,global_toc!$C:$K,7,FALSE) -> 79AUG03XX | Y69: =VLOOKUP($D69,global_toc!$C:$K,8,FALSE) -> 11OCT17XA | Z69: =VLOOKUP($D69,global_toc!$C:$K,9,FALSE) -> 5029 | AA69: =IF(T69="-",J69,T69) -> 4-char tectonic plate names.
A70: 158 | B70: N | C70: =IF(R70="-",D70,R70) -> Obs2Baseline | D70: Obs2Baseline | E70: 2 | F70: 1 | G70: 1 | H70: I | I70: N | J70: - | K70: Obs | L70: - | M70: N | N70: NGS | O70: CrossReference | P70: ObsCrossRef | Q70: - | R70: Obs2Baseline | S70: - | T70: Cross reference from observation to baseline | U70: - | V70: - | W70: - | X70: =VLOOKUP($D70,global_toc!$C:$K,7,FALSE) -> #N/A | Y70: =VLOOKUP($D70,global_toc!$C:$K,8,FALSE) -> #N/A | Z70: =VLOOKUP($D70,global_toc!$C:$K,9,FALSE) -> #N/A | AA70: =IF(T70="-",J70,T70) -> Cross reference from observation to baseline
A71: 159 | B71: N | C71: =IF(R71="-",D71,R71) -> Obs2Scan | D71: Obs2Scan | E71: 1 | F71: 1 | G71: 1 | H71: J | I71: N | J71: - | K71: Obs | L71: - | M71: N | N71: NGS | O71: CrossReference | P71: ObsCrossRef | Q71: - | R71: Obs2Scan | S71: - | T71: Cross reference from observation to scan | U71: - | V71: - | W71: - | X71: =VLOOKUP($D71,global_toc!$C:$K,7,FALSE) -> #N/A | Y71: =VLOOKUP($D71,global_toc!$C:$K,8,FALSE) -> #N/A | Z71: =VLOOKUP($D71,global_toc!$C:$K,9,FALSE) -> #N/A | AA71: =IF(T71="-",J71,T71) -> Cross reference from observation to scan
A72: 152 | B72: N | C72: =IF(R72="-",D72,R72) -> Scan2Source | D72: Scan2Source | E72: 1 | F72: 1 | G72: 1 | H72: J | I72: N | J72: - | K72: Session | L72: New Lcode | M72: N | N72: NGS | O72: CrossReference | P72: SourceCrossRef | Q72: - | R72: Scan2Source | S72: - | T72: Cross reference scan to source | U72: - | V72: - | W72: - | X72: =VLOOKUP($D72,global_toc!$C:$K,7,FALSE) -> #N/A | Y72: =VLOOKUP($D72,global_toc!$C:$K,8,FALSE) -> #N/A | Z72: =VLOOKUP($D72,global_toc!$C:$K,9,FALSE) -> #N/A | AA72: =IF(T72="-",J72,T72) -> Cross reference scan to source
A73: 153 | B73: N | C73: =IF(R73="-",D73,R73) -> CrossRefSourceList | D73: CrossRefSourceList | E73: 4 | F73: 70 | G73: 1 | H73: A | I73: 1 | J73: Source names array. | K73: Session | L73: - | M73: N | N73: NGS | O73: CrossReference | P73: SourceCrossRef | Q73: - | R73: CrossRefSourceList | S73: - | T73: Source names. | U73: - | V73: - | W73: - | X73: =VLOOKUP($D73,global_toc!$C:$K,7,FALSE) -> #N/A | Y73: =VLOOKUP($D73,global_toc!$C:$K,8,FALSE) -> #N/A | Z73: =VLOOKUP($D73,global_toc!$C:$K,9,FALSE) -> #N/A | AA73: =IF(T73="-",J73,T73) -> Source names.
A74: 154 | B74: N | C74: =IF(R74="-",D74,R74) -> NumScansPerStation | D74: NumScansPerStation | E74: 1 | F74: 1 | G74: 1 | H74: J | I74: N | J74: - | K74: Session | L74: - | M74: N | N74: NGS | O74: CrossReference | P74: StationCrossRef | Q74: - | R74: - | S74: - | T74: Number of scans per station. | U74: - | V74: - | W74: - | X74: =VLOOKUP($D74,global_toc!$C:$K,7,FALSE) -> #N/A | Y74: =VLOOKUP($D74,global_toc!$C:$K,8,FALSE) -> #N/A | Z74: =VLOOKUP($D74,global_toc!$C:$K,9,FALSE) -> #N/A | AA74: =IF(T74="-",J74,T74) -> Number of scans per station.
A75: 155 | B75: N | C75: =IF(R75="-",D75,R75) -> Scan2Station | D75: Scan2Station | E75: 1 | F75: 1 | G75: 1 | H75: J | I75: N | J75: - | K75: Session | L75: New Lcode | M75: N | N75: NGS | O75: CrossReference | P75: StationCrossRef | Q75: - | R75: - | S75: - | T75: Cross reference scans to station | U75: - | V75: - | W75: - | X75: =VLOOKUP($D75,global_toc!$C:$K,7,FALSE) -> #N/A | Y75: =VLOOKUP($D75,global_toc!$C:$K,8,FALSE) -> #N/A | Z75: =VLOOKUP($D75,global_toc!$C:$K,9,FALSE) -> #N/A | AA75: =IF(T75="-",J75,T75) -> Cross reference scans to station
A76: 157 | B76: N | C76: =IF(R76="-",D76,R76) -> Station2Scan | D76: Station2Scan | E76: 1 | F76: 1 | G76: 1 | H76: J | I76: N | J76: - | K76: Session | L76: - | M76: N | N76: NGS | O76: CrossReference | P76: StationCrossRef | Q76: - | R76: - | S76: - | T76: Cross reference station-scan to schedule-scan | U76: - | V76: - | W76: - | X76: =VLOOKUP($D76,global_toc!$C:$K,7,FALSE) -> #N/A | Y76: =VLOOKUP($D76,global_toc!$C:$K,8,FALSE) -> #N/A | Z76: =VLOOKUP($D76,global_toc!$C:$K,9,FALSE) -> #N/A | AA76: =IF(T76="-",J76,T76) -> Cross reference station-scan to schedule-scan
A77: 156 | B77: 1 | C77: =IF(R77="-",D77,R77) -> CrossRefStationList | D77: CrossRefStationList | E77: 4 | F77: 11 | G77: 1 | H77: A | I77: 1 | J77: Site names array in alphabetical order | K77: Session | L77: - | M77: N | N77: NGS | O77: CrossReference | P77: StationCrossRef | Q77: - | R77: CrossRefStationList | S77: - | T77: Site names in alphabetical order | U77: - | V77: - | W77: - | X77: =VLOOKUP($D77,global_toc!$C:$K,7,FALSE) -> #N/A | Y77: =VLOOKUP($D77,global_toc!$C:$K,8,FALSE) -> #N/A | Z77: =VLOOKUP($D77,global_toc!$C:$K,9,FALSE) -> #N/A | AA77: =IF(T77="-",J77,T77) -> Site names in alphabetical order
A78: 295 | B78: 2 | C78: =IF(R78="-",D78,R78) -> Cal-Bend | D78: CON CONT | E78: 2 | F78: 1 | G78: 1 | H78: R | I78: 5 | J78: Consensus bending contrib. (sec) | K78: Obs | L78: - | M78: K | N78: - | O78: ObsCalTheo | P78: Cal-Bend | Q78: Y | R78: Cal-Bend | S78: - | T78: - | U78: - | V78: second | W78: - | X78: =VLOOKUP($D78,global_toc!$C:$K,7,FALSE) -> 79AUG03XX | Y78: =VLOOKUP($D78,global_toc!$C:$K,8,FALSE) -> 11OCT17XA | Z78: =VLOOKUP($D78,global_toc!$C:$K,9,FALSE) -> 5029 | AA78: =IF(T78="-",J78,T78) -> Consensus bending contrib. (sec)
A79: 297 | B79: 2 | C79: =IF(R79="-",D79,R79) -> Cal-BendSun | D79: SUN CONT | E79: 2 | F79: 1 | G79: 1 | H79: R | I79: 5 | J79: Consensus bending contrib. (sec) | K79: Obs | L79: - | M79: K | N79: - | O79: ObsCalTheo | P79: Cal-BendSun | Q79: Y | R79: Cal-BendSun | S79: - | T79: - | U79: - | V79: second | W79: - | X79: =VLOOKUP($D79,global_toc!$C:$K,7,FALSE) -> 79AUG03XX | Y79: =VLOOKUP($D79,global_toc!$C:$K,8,FALSE) -> 11OCT17XA | Z79: =VLOOKUP($D79,global_toc!$C:$K,9,FALSE) -> 5029 | AA79: =IF(T79="-",J79,T79) -> Consensus bending contrib. (sec)
A80: 296 | B80: 2 | C80: =IF(R80="-",D80,R80) -> Cal-BendSunHigher | D80: SUN2CONT | E80: 2 | F80: 1 | G80: 1 | H80: R | I80: 5 | J80: High order bending contrib.(sec) | K80: Obs | L80: - | M80: K | N80: - | O80: ObsCalTheo | P80: Cal-BendSunHigher | Q80: Y | R80: Cal-BendSunHigher | S80: - | T80: - | U80: 2 | V80: second | W80: - | X80: =VLOOKUP($D80,global_toc!$C:$K,7,FALSE) -> 79AUG03XX | Y80: =VLOOKUP($D80,global_toc!$C:$K,8,FALSE) -> 11OCT17XA | Z80: =VLOOKUP($D80,global_toc!$C:$K,9,FALSE) -> 5029 | AA80: =IF(T80="-",J80,T80) -> High order bending contrib.(sec)
A81: 298 | B81: N | C81: =IF(R81="-",D81,R81) -> Cal-AprioriClock | D81: AprioriClock | E81: 2 | F81: 1 | G81: 1 | H81: R | I81: N | J81: - | K81: Obs | L81: - | M81: N | N81: Solve | O81: ObsCalTheo | P81: Cal-AprioriClock | Q81: - | R81: Cal-AprioriClock | S81: - | T81: Apriori clock contribution to delay, rate. | U81: 2 | V81: second | W81: - | X81: =VLOOKUP($D81,global_toc!$C:$K,7,FALSE) -> #N/A | Y81: =VLOOKUP($D81,global_toc!$C:$K,8,FALSE) -> #N/A | Z81: =VLOOKUP($D81,global_toc!$C:$K,9,FALSE) -> #N/A | AA81: =IF(T81="-",J81,T81) -> Apriori clock contribution to delay, rate.
A82: 299 | B82: 2 | C82: =IF(R82="-",D82,R82) -> Cal-EarthTide | D82: ETD CONT | E82: 2 | F82: 1 | G82: 1 | H82: R | I82: 5 | J82: Earth tide contributions def. | K82: Obs | L82: - | M82: K | N82: Solve | O82: ObsCalTheo | P82: Cal-EarthTide_kIERS2003 | Q82: Y | R82: Cal-EarthTide | S82: - | T82: - | U82: 2 | V82: second | W82: - | X82: =VLOOKUP($D82,global_toc!$C:$K,7,FALSE) -> 79AUG03XX | Y82: =VLOOKUP($D82,global_toc!$C:$K,8,FALSE) -> 11OCT17XA | Z82: =VLOOKUP($D82,global_toc!$C:$K,9,FALSE) -> 5029 | AA82: =IF(T82="-",J82,T82) -> Earth tide contributions def.
A83: 300 | B83: N | C83: =IF(R83="-",D83,R83) -> Cal-EccentricityMap | D83: EccentricityMap | E83: 2 | F83: 1 | G83: 1 | H83: R | I83: N | J83: - | K83: Obs | L83: - | M83: N | N83: Solve | O83: ObsCalTheo | P83: Cal-EccentricityMap | Q83: - | R83: Cal-EccentricityMap | S83: - | T83: Adding this maps the observables to the monument. | U83: 2 | V83: second | W83: - | X83: =VLOOKUP($D83,global_toc!$C:$K,7,FALSE) -> #N/A | Y83: =VLOOKUP($D83,global_toc!$C:$K,8,FALSE) -> #N/A | Z83: =VLOOKUP($D83,global_toc!$C:$K,9,FALSE) -> #N/A | AA83: =IF(T83="-",J83,T83) -> Adding this maps the observables to the monument.
A84: 301 | B84: 2 | C84: =IF(R84="-",D84,R84) -> Cal-FeedCorrection | D84: FEED.COR | E84: 2 | F84: 1 | G84: 1 | H84: R | I84: 5 | J84: Feedhorn corr. in CORFIL scheme | K84: Obs | L84: - | M84: K | N84: Solve | O84: ObsCalTheo | P84: Cal-FeedCorrection | Q84: - | R84: Cal-FeedCorrection | S84: - | T84: - | U84: 2 | V84: second | W84: - | X84: =VLOOKUP($D84,global_toc!$C:$K,7,FALSE) -> 79AUG03XX | Y84: =VLOOKUP($D84,global_toc!$C:$K,8,FALSE) -> 11OCT17XA | Z84: =VLOOKUP($D84,global_toc!$C:$K,9,FALSE) -> 5029 | AA84: =IF(T84="-",J84,T84) -> Feedhorn corr. in CORFIL scheme
A85: 302 | B85: 2 | C85: =IF(R85="-",D85,R85) -> Cal-UT1Ortho | D85: UT1ORTHO | E85: 2 | F85: 1 | G85: 1 | H85: R | I85: 5 | J85: ORTHO_EOP Tidal UT1 contribution | K85: Obs | L85: - | M85: K | N85: Solve | O85: ObsCalTheo | P85: Cal-HiFreqERP_kIERS2003 | Q85: Y | R85: Cal-UT1Ortho | S85: - | T85: - | U85: 2 | V85: second | W85: - | X85: =VLOOKUP($D85,global_toc!$C:$K,7,FALSE) -> 79AUG03XX | Y85: =VLOOKUP($D85,global_toc!$C:$K,8,FALSE) -> 11OCT17XA | Z85: =VLOOKUP($D85,global_toc!$C:$K,9,FALSE) -> 5029 | AA85: =IF(T85="-",J85,T85) -> ORTHO_EOP Tidal UT1 contribution
A86: 303 | B86: 2 | C86: =IF(R86="-",D86,R86) -> Cal-WobOrtho | D86: WOBORTHO | E86: 2 | F86: 1 | G86: 1 | H86: R | I86: 5 | J86: ORTHO_EOP tidal wobble contribtn | K86: Obs | L86: - | M86: K | N86: Solve | O86: ObsCalTheo | P86: Cal-HiFreqERP_kIERS2003 | Q86: Y | R86: Cal-WobOrtho | S86: - | T86: - | U86: 2 | V86: second | W86: - | X86: =VLOOKUP($D86,global_toc!$C:$K,7,FALSE) -> 79AUG03XX | Y86: =VLOOKUP($D86,global_toc!$C:$K,8,FALSE) -> 11OCT17XA | Z86: =VLOOKUP($D86,global_toc!$C:$K,9,FALSE) -> 5029 | AA86: =IF(T86="-",J86,T86) -> ORTHO_EOP tidal wobble contribtn
A87: 318 | B87: 2 | C87: =IF(R87="-",D87,R87) -> Cal-HiFreqLibrationPM | D87: WOBNUTAT | E87: 2 | F87: 1 | G87: 1 | H87: R | I87: 5 | J87: Short period nutation wobble con | K87: Obs | L87: - | M87: K | N87: Solve | O87: ObsCalTheo | P87: Cal-HiFreqLibration_kIERS2006 | Q87: Y | R87: Cal-HiFreqLibrationPM | S87: - | T87: Hi Freq Wobble Libration Contribution | U87: 2 | V87: second | W87: - | X87: =VLOOKUP($D87,global_toc!$C:$K,7,FALSE) -> 79AUG03XX | Y87: =VLOOKUP($D87,global_toc!$C:$K,8,FALSE) -> 11OCT17XA | Z87: =VLOOKUP($D87,global_toc!$C:$K,9,FALSE) -> 5029 | AA87: =IF(T87="-",J87,T87) -> Hi Freq Wobble Libration Contribution
A88: 318 | B88: 2 | C88: =IF(R88="-",D88,R88) -> Cal-HiFreqLibrationPM | D88: WOBLIBRA | E88: 2 | F88: 1 | G88: 1 | H88: R | I88: 5 | J88: HF wobble libration contribution | K88: Obs | L88: - | M88: K | N88: Solve | O88: ObsCalTheo | P88: Cal-HiFreqLibration_kIERS2010 | Q88: Y | R88: Cal-HiFreqLibrationPM | S88: - | T88: Hi Freq Wobble Libration Contribution | U88: 2 | V88: second | W88: - | X88: =VLOOKUP($D88,global_toc!$C:$K,7,FALSE) -> #N/A | Y88: =VLOOKUP($D88,global_toc!$C:$K,8,FALSE) -> #N/A | Z88: =VLOOKUP($D88,global_toc!$C:$K,9,FALSE) -> #N/A | AA88: =IF(T88="-",J88,T88) -> Hi Freq Wobble Libration Contribution
A89: 318 | B89: 2 | C89: =IF(R89="-",D89,R89) -> Cal-HiFreqLibrationUT1 | D89: UT1LIBRA | E89: 2 | F89: 1 | G89: 1 | H89: R | I89: 5 | J89: HF UT1 libration contribution | K89: Obs | L89: - | M89: K | N89: Solve | O89: ObsCalTheo | P89: Cal-HiFreqLibration_kIERS2010 | Q89: Y | R89: Cal-HiFreqLibrationUT1 | S89: - | T89: Hi Freq UT1 Libration Contribution | U89: 2 | V89: second | W89: - | X89: =VLOOKUP($D89,global_toc!$C:$K,7,FALSE) -> #N/A | Y89: =VLOOKUP($D89,global_toc!$C:$K,8,FALSE) -> #N/A | Z89: =VLOOKUP($D89,global_toc!$C:$K,9,FALSE) -> #N/A | AA89: =IF(T89="-",J89,T89) -> Hi Freq UT1 Libration Contribution
A90: 315 | B90: 2 | C90: =IF(R90="-",D90,R90) -> Cal-Nutation | D90: WAHRCONT | E90: 2 | F90: 1 | G90: 1 | H90: R | I90: 5 | J90: 2000A Nut to Wahr Nut Contributn | K90: Obs | L90: - | M90: K | N90: Solve | O90: ObsCalTheo | P90: Cal-NutationEQX_kWahr | Q90: Y | R90: Cal-Nutation | S90: - | T90: - | U90: 2 | V90: second | W90: - | X90: =VLOOKUP($D90,global_toc!$C:$K,7,FALSE) -> 79AUG03XX | Y90: =VLOOKUP($D90,global_toc!$C:$K,8,FALSE) -> 11OCT17XA | Z90: =VLOOKUP($D90,global_toc!$C:$K,9,FALSE) -> 5029 | AA90: =IF(T90="-",J90,T90) -> 2000A Nut to Wahr Nut Contributn
A91: 309 | B91: 2 | C91: =IF(R91="-",D91,R91) -> Cal-OceanLoadOld | D91: OCE_OLD | E91: 2 | F91: 1 | G91: 1 | H91: R | I91: 5 | J91: Old Ocean loading contribution. | K91: Obs | L91: - | M91: K | N91: Solve | O91: ObsCalTheo | P91: Cal-OceanLoadOld | Q91: Y | R91: Cal-OceanLoadOld | S91: - | T91: Obs dependent ocean loading | U91: 2 | V91: second | W91: - | X91: =VLOOKUP($D91,global_toc!$C:$K,7,FALSE) -> #N/A | Y91: =VLOOKUP($D91,global_toc!$C:$K,8,FALSE) -> #N/A | Z91: =VLOOKUP($D91,global_toc!$C:$K,9,FALSE) -> #N/A | AA91: =IF(T91="-",J91,T91) -> Obs dependent ocean loading
A92: 309 | B92: 2 | C92: =IF(R92="-",D92,R92) -> Cal-OceanLoad | D92: OCE CONT | E92: 2 | F92: 1 | G92: 1 | H92: R | I92: 5 | J92: Ocean loading contributions def. | K92: Obs | L92: - | M92: K | N92: Solve | O92: ObsCalTheo | P92: Cal-OceanLoad | Q92: Y | R92: Cal-OceanLoad | S92: - | T92: Obs dependent ocean loading | U92: 2 | V92: second | W92: - | X92: =VLOOKUP($D92,global_toc!$C:$K,7,FALSE) -> 79AUG03XX | Y92: =VLOOKUP($D92,global_toc!$C:$K,8,FALSE) -> 11OCT17XA | Z92: =VLOOKUP($D92,global_toc!$C:$K,9,FALSE) -> 5029 | AA92: =IF(T92="-",J92,T92) -> Obs dependent ocean loading
A93: 312 | B93: 2 | C93: =IF(R93="-",D93,R93) -> Cal-OceanPoleTideLoad | D93: OPTLCONT | E93: 2 | F93: 1 | G93: 1 | H93: R | I93: 5 | J93: Ocean Pole Tide Load Contribution | K93: Obs | L93: - | M93: K | N93: Solve | O93: ObsCalTheo | P93: Cal-OceanPoleTideLoad | Q93: Y | R93: Cal-OceanPoleTideLoad | S93: - | T93: - | U93: 2 | V93: second | W93: - | X93: =VLOOKUP($D93,global_toc!$C:$K,7,FALSE) -> #N/A | Y93: =VLOOKUP($D93,global_toc!$C:$K,8,FALSE) -> #N/A | Z93: =VLOOKUP($D93,global_toc!$C:$K,9,FALSE) -> #N/A | AA93: =IF(T93="-",J93,T93) -> Ocean Pole Tide Load Contribution
A94: 310 | B94: 2 | C94: =IF(R94="-",D94,R94) -> Cal-Parallax | D94: PLX1PSEC | E94: 2 | F94: 1 | G94: 1 | H94: R | I94: 5 | J94: Parallax partial/contr 1 parsec | K94: Obs | L94: - | M94: K | N94: - | O94: ObsCalTheo | P94: Cal-Parallax | Q94: Y | R94: Cal-Parallax | S94: - | T94: - | U94: - | V94: second | W94: - | X94: =VLOOKUP($D94,global_toc!$C:$K,7,FALSE) -> 79AUG03XX | Y94: =VLOOKUP($D94,global_toc!$C:$K,8,FALSE) -> 11OCT17XA | Z94: =VLOOKUP($D94,global_toc!$C:$K,9,FALSE) -> 5029 | AA94: =IF(T94="-",J94,T94) -> Parallax partial/contr 1 parsec
A95: 311 | B95: 2 | C95: =IF(R95="-",D95,R95) -> Cal-PoleTide | D95: PTD CONT | E95: 2 | F95: 1 | G95: 1 | H95: R | I95: 5 | J95: Pole tide contributions def. | K95: Obs | L95: - | M95: K | N95: Solve | O95: ObsCalTheo | P95: Cal-PoleTide_kIERS2003 | Q95: Y | R95: Cal-PoleTide | S95: - | T95: - | U95: 2 | V95: second | W95: - | X95: =VLOOKUP($D95,global_toc!$C:$K,7,FALSE) -> 79AUG03XX | Y95: =VLOOKUP($D95,global_toc!$C:$K,8,FALSE) -> 11OCT17XA | Z95: =VLOOKUP($D95,global_toc!$C:$K,9,FALSE) -> 5029 | AA95: =IF(T95="-",J95,T95) -> Pole tide contributions def.
A96: 312 | B96: 2 | C96: =IF(R96="-",D96,R96) -> Cal-PoleTideOldRestore | D96: PTOLDCON | E96: 2 | F96: 1 | G96: 1 | H96: R | I96: 5 | J96: Old Pole Tide Restorer Contrib. | K96: Obs | L96: - | M96: K | N96: Solve | O96: ObsCalTheo | P96: Cal-PoleTideOldRestore | Q96: Y | R96: Cal-PoleTideOldRestore | S96: - | T96: - | U96: 2 | V96: second | W96: - | X96: =VLOOKUP($D96,global_toc!$C:$K,7,FALSE) -> 79AUG03XX | Y96: =VLOOKUP($D96,global_toc!$C:$K,8,FALSE) -> 11OCT17XA | Z96: =VLOOKUP($D96,global_toc!$C:$K,9,FALSE) -> 5029 | AA96: =IF(T96="-",J96,T96) -> Old Pole Tide Restorer Contrib.
A97: 313 | B97: 2 | C97: =IF(R97="-",D97,R97) -> Cal-TiltRemover | D97: TILTRMVR | E97: 2 | F97: 1 | G97: 1 | H97: R | I97: 5 | J97: Axis Tilt Contribution Remover | K97: Obs | L97: - | M97: K | N97: Solve | O97: ObsCalTheo | P97: Cal-TiltRemover | Q97: Y | R97: Cal-TiltRemover | S97: - | T97: - | U97: 2 | V97: second | W97: - | X97: =VLOOKUP($D97,global_toc!$C:$K,7,FALSE) -> 79AUG03XX | Y97: =VLOOKUP($D97,global_toc!$C:$K,8,FALSE) -> 11OCT17XA | Z97: =VLOOKUP($D97,global_toc!$C:$K,9,FALSE) -> 5029 | AA97: =IF(T97="-",J97,T97) -> Axis Tilt Contribution Remover
A98: 314 | B98: 2 | C98: =IF(R98="-",D98,R98) -> Cal-UnPhase | D98: UNPHASCL | E98: 2 | F98: 2 | G98: 1 | H98: R | I98: 3 | J98: UnPhaseCal effect - group&rate | K98: Obs | L98: - | M98: K | N98: Solve | O98: ObsCalTheo | P98: Cal-Unphase | Q98: Y | R98: Cal-UnPhase | S98: - | T98: - | U98: 2 | V98: second | W98: - | X98: =VLOOKUP($D98,global_toc!$C:$K,7,FALSE) -> 83MAY11X_ | Y98: =VLOOKUP($D98,global_toc!$C:$K,8,FALSE) -> 11OCT17XA | Z98: =VLOOKUP($D98,global_toc!$C:$K,9,FALSE) -> 4173 | AA98: =IF(T98="-",J98,T98) -> UnPhaseCal effect - group&rate
A99: 316 | B99: 2 | C99: =IF(R99="-",D99,R99) -> Cal-Xwobble | D99: WOBXCONT | E99: 2 | F99: 1 | G99: 1 | H99: R | I99: 5 | J99: X Wobble contribution definition | K99: Obs | L99: - | M99: K | N99: Solve | O99: ObsCalTheo | P99: Cal-Wobble | Q99: Y | R99: Cal-Xwobble | S99: - | T99: - | U99: 2 | V99: second | W99: - | X99: =VLOOKUP($D99,global_toc!$C:$K,7,FALSE) -> 79AUG03XX | Y99: =VLOOKUP($D99,global_toc!$C:$K,8,FALSE) -> 11OCT17XA | Z99: =VLOOKUP($D99,global_toc!$C:$K,9,FALSE) -> 5029 | AA99: =IF(T99="-",J99,T99) -> X Wobble contribution definition
A100: 317 | B100: 2 | C100: =IF(R100="-",D100,R100) -> Cal-Ywobble | D100: WOBYCONT | E100: 2 | F100: 1 | G100: 1 | H100: R | I100: 5 | J100: Y Wobble contribution definition | K100: Obs | L100: - | M100: K | N100: Solve | O100: ObsCalTheo | P100: Cal-Wobble | Q100: Y | R100: Cal-Ywobble | S100: - | T100: - | U100: 2 | V100: second | W100: - | X100: =VLOOKUP($D100,global_toc!$C:$K,7,FALSE) -> 79AUG03XX | Y100: =VLOOKUP($D100,global_toc!$C:$K,8,FALSE) -> 11OCT17XA | Z100: =VLOOKUP($D100,global_toc!$C:$K,9,FALSE) -> 5029 | AA100: =IF(T100="-",J100,T100) -> Y Wobble contribution definition
...

Sheet Lcode_mapping_new
A1: =Lcode_mapping!A1 -> 1 | B1: =Lcode_mapping!B1 -> 2 | C1: =Lcode_mapping!D1 -> 4 | D1: =Lcode_mapping!E1 -> 5 | E1: =Lcode_mapping!F1 -> 6 | F1: =Lcode_mapping!G1 -> 7 | G1: =Lcode_mapping!H1 -> 8 | H1: =Lcode_mapping!I1 -> 9 | I1: =Lcode_mapping!J1 -> 10 | J1: =Lcode_mapping!K1 -> 11 | ... V1: =Lcode_mapping!W1 -> 23
A2: =Lcode_mapping!A2 -> # | B2: =Lcode_mapping!B2 -> L | C2: =Lcode_mapping!D2 -> Name | D2: =Lcode_mapping!E2 -> D1 | E2: =Lcode_mapping!F2 -> D2 | F2: =Lcode_mapping!G2 -> D3 | G2: =Lcode_mapping!H2 -> T | H2: =Lcode_mapping!I2 -> A | I2: =Lcode_mapping!J2 -> Descriptor | J2: =Lcode_mapping!K2 -> Scope | ... V2: =Lcode_mapping!W2 -> Tolerance
A3: =Lcode_mapping!A3 -> 293 | B3: =Lcode_mapping!B3 -> 2 | C3: =Lcode_mapping!D3 -> EFF FREQ | D3: =Lcode_mapping!E3 -> 3 | E3: =Lcode_mapping!F3 -> 1 | F3: =Lcode_mapping!G3 -> 1 | G3: =Lcode_mapping!H3 -> R | H3: =Lcode_mapping!I3 -> 4 | I3: =Lcode_mapping!J3 -> Effective freqs opposite band | J3: =Lcode_mapping!K3 -> Obs | ... V3: =Lcode_mapping!W3 -> -
A4: =Lcode_mapping!A4 -> 492 | B4: =Lcode_mapping!B4 -> 2 | C4: =Lcode_mapping!D4 -> UNCALDLY | D4: =Lcode_mapping!E4 -> 1 | E4: =Lcode_mapping!F4 -> 1 | F4: =Lcode_mapping!G4 -> 1 | G4: =Lcode_mapping!H4 -> R | H4: =Lcode_mapping!I4 -> 1 | I4: =Lcode_mapping!J4 -> Phase cal delay (sec) | J4: =Lcode_mapping!K4 -> Obs | ... V4: =Lcode_mapping!W4 -> -
A5: =Lcode_mapping!A5 -> 118 | B5: =Lcode_mapping!B5 -> 1 | C5: =Lcode_mapping!D5 -> CLK_CFLG | D5: =Lcode_mapping!E5 -> 1 | E5: =Lcode_mapping!F5 -> 1 | F5: =Lcode_mapping!G5 -> 1 | G5: =Lcode_mapping!H5 -> A | H5: =Lcode_mapping!I5 -> 4 | I5: =Lcode_mapping!J5 -> Clock constraint use flag. | J5: =Lcode_mapping!K5 -> Session | ... V5: =Lcode_mapping!W5 -> -
A6: =Lcode_mapping!A6 -> 119 | B6: =Lcode_mapping!B6 -> 1 | C6: =Lcode_mapping!D6 -> EXPNAME | D6: =Lcode_mapping!E6 -> 16 | E6: =Lcode_mapping!F6 -> 1 | F6: =Lcode_mapping!G6 -> 1 | G6: =Lcode_mapping!H6 -> A | H6: =Lcode_mapping!I6 -> 3 | I6: =Lcode_mapping!J6 -> Observing program (exp.) name | J6: =Lcode_mapping!K6 -> Session | ... V6: =Lcode_mapping!W6 -> -
A7: =Lcode_mapping!A7 -> 122 | B7: =Lcode_mapping!B7 -> 1 | C7: =Lcode_mapping!D7 -> CORPLACE | D7: =Lcode_mapping!E7 -> 16 | E7: =Lcode_mapping!F7 -> 1 | F7: =Lcode_mapping!G7 -> 1 | G7: =Lcode_mapping!H7 -> A | H7: =Lcode_mapping!I7 -> 1 | I7: =Lcode_mapping!J7 -> Correlator name. | J7: =Lcode_mapping!K7 -> Session | ... V7: =Lcode_mapping!W7 -> -
A8: =Lcode_mapping!A8 -> 123 | B8: =Lcode_mapping!B8 -> 1 | C8: =Lcode_mapping!D8 -> CORRTYPE | D8: =Lcode_mapping!E8 -> 4 | E8: =Lcode_mapping!F8 -> 1 | F8: =Lcode_mapping!G8 -> 1 | G8: =Lcode_mapping!H8 -> A | H8: =Lcode_mapping!I8 -> 1 | I8: =Lcode_mapping!J8 -> Correlator type: MK3/MK4/K4 etc. | J8: =Lcode_mapping!K8 -> Session | ... V8: =Lcode_mapping!W8 -> -
A9: =Lcode_mapping!A9 -> 125 | B9: =Lcode_mapping!B9 -> 1 | C9: =Lcode_mapping!D9 -> EXPDESC | D9: =Lcode_mapping!E9 -> 40 | E9: =Lcode_mapping!F9 -> 1 | F9: =Lcode_mapping!G9 -> 1 | G9: =Lcode_mapping!H9 -> A | H9: =Lcode_mapping!I9 -> 1 | I9: =Lcode_mapping!J9 -> Experiment description. | J9: =Lcode_mapping!K9 -> Session | ... V9: =Lcode_mapping!W9 -> -
A10: =Lcode_mapping!A10 -> 124 | B10: =Lcode_mapping!B10 -> 1 | C10: =Lcode_mapping!D10 -> EXPCODE | D10: =Lcode_mapping!E10 -> 16 | E10: =Lcode_mapping!F10 -> 1 | F10: =Lcode_mapping!G10 -> 1 | G10: =Lcode_mapping!H10 -> A | H10: =Lcode_mapping!I10 -> 1 | I10: =Lcode_mapping!J10 -> Experiment name. | J10: =Lcode_mapping!K10 -> Session | ... V10: =Lcode_mapping!W10 -> -
A11: =Lcode_mapping!A11 -> 126 | B11: =Lcode_mapping!B11 -> 1 | C11: =Lcode_mapping!D11 -> EXPSERNO | D11: =Lcode_mapping!E11 -> 1 | E11: =Lcode_mapping!F11 -> 1 | F11: =Lcode_mapping!G11 -> 1 | G11: =Lcode_mapping!H11 -> I | H11: =Lcode_mapping!I11 -> 1 | I11: =Lcode_mapping!J11 -> Experiment Serial Number. | J11: =Lcode_mapping!K11 -> Session | ... V11: =Lcode_mapping!W11 -> -
A12: =Lcode_mapping!A12 -> 128 | B12: =Lcode_mapping!B12 -> 1 | C12: =Lcode_mapping!D12 -> INTRVAL4 | D12: =Lcode_mapping!E12 -> 5 | E12: =Lcode_mapping!F12 -> 2 | F12: =Lcode_mapping!G12 -> 1 | G12: =Lcode_mapping!H12 -> I | H12: =Lcode_mapping!I12 -> 1 | I12: =Lcode_mapping!J12 -> First last UTC tag 4 digit year | J12: =Lcode_mapping!K12 -> Session | ... V12: =Lcode_mapping!W12 -> -
... A507: =Lcode_mapping!A507 -> 60 | B507: =Lcode_mapping!B507 -> 2 | C507: =Lcode_mapping!D507 -> MARI.WET | D507: =Lcode_mapping!E507 -> 2 | E507: =Lcode_mapping!F507 -> 2 | F507: =Lcode_mapping!G507 -> 2 | G507: =Lcode_mapping!H507 -> R | H507: =Lcode_mapping!I507 -> 1 | I507: =Lcode_mapping!J507 -> WET COMP OF MARI | J507: =Lcode_mapping!K507 -> Station | ... V507: =Lcode_mapping!W507 -> -

Sheet FileOrder
B1: 14 | C1: 13 | D1: 9 | E1: 1 | F1: 6 | G1: 3 | H1: 4 | I1: 5 | J1: 25
A2: OpenDB Name | B2: File | C2: Directory | D2: Scope | E2: Variable | F2: Type | G2: Dimension | J2: Description
B3: =VLOOKUP($A3,Lcode_mapping!$C:$AA,B$1,FALSE) -> #N/A | C3: =VLOOKUP($A3,Lcode_mapping!$C:$AA,C$1,FALSE) -> #N/A | D3: =VLOOKUP($A3,Lcode_mapping!$C:$AA,D$1,FALSE) -> #N/A | E3: =VLOOKUP($A3,Lcode_mapping!$C:$AA,E$1,FALSE) -> #N/A | F3: =VLOOKUP($A3,Lcode_mapping!$C:$AA,F$1,FALSE) -> #N/A | G3: =VLOOKUP($A3,Lcode_mapping!$C:$AA,G$1,FALSE) -> #N/A | H3: =VLOOKUP($A3,Lcode_mapping!$C:$AA,H$1,FALSE) -> #N/A | I3: =VLOOKUP($A3,Lcode_mapping!$C:$AA,I$1,FALSE) -> #N/A | J3: =VLOOKUP($A3,Lcode_mapping!$C:$AA,J$1,FALSE) -> #N/A
A4: AtmInterval | B4: =VLOOKUP($A4,Lcode_mapping!$C:$AA,B$1,FALSE) -> AtmSetup | C4: =VLOOKUP($A4,Lcode_mapping!$C:$AA,C$1,FALSE) -> Solve | D4: =VLOOKUP($A4,Lcode_mapping!$C:$AA,D$1,FALSE) -> Session | E4: =VLOOKUP($A4,Lcode_mapping!$C:$AA,E$1,FALSE) -> AtmInterval | F4: =VLOOKUP($A4,Lcode_mapping!$C:$AA,F$1,FALSE) -> R | G4: =VLOOKUP($A4,Lcode_mapping!$C:$AA,G$1,FALSE) -> 1 | H4: =VLOOKUP($A4,Lcode_mapping!$C:$AA,H$1,FALSE) -> 1 | I4: =VLOOKUP($A4,Lcode_mapping!$C:$AA,I$1,FALSE) -> 1 | J4: =VLOOKUP($A4,Lcode_mapping!$C:$AA,J$1,FALSE) -> Batchmode atmos interval - hours
A5: AtmRateConstraint | B5: =VLOOKUP($A5,Lcode_mapping!$C:$AA,B$1,FALSE) -> AtmSetup | C5: =VLOOKUP($A5,Lcode_mapping!$C:$AA,C$1,FALSE) -> Solve | D5: =VLOOKUP($A5,Lcode_mapping!$C:$AA,D$1,FALSE) -> Session | E5: =VLOOKUP($A5,Lcode_mapping!$C:$AA,E$1,FALSE) -> AtmRateConstraint | F5: =VLOOKUP($A5,Lcode_mapping!$C:$AA,F$1,FALSE) -> R | G5: =VLOOKUP($A5,Lcode_mapping!$C:$AA,G$1,FALSE) -> 1 | H5: =VLOOKUP($A5,Lcode_mapping!$C:$AA,H$1,FALSE) -> 1 | I5: =VLOOKUP($A5,Lcode_mapping!$C:$AA,I$1,FALSE) -> 1 | J5: =VLOOKUP($A5,Lcode_mapping!$C:$AA,J$1,FALSE) -> Atmosphere constraint. ps/hr
A6: AtmRateSite | B6: =VLOOKUP($A6,Lcode_mapping!$C:$AA,B$1,FALSE) -> #N/A | C6: =VLOOKUP($A6,Lcode_mapping!$C:$AA,C$1,FALSE) -> #N/A | D6: =VLOOKUP($A6,Lcode_mapping!$C:$AA,D$1,FALSE) -> #N/A | E6: =VLOOKUP($A6,Lcode_mapping!$C:$AA,E$1,FALSE) -> #N/A | F6: =VLOOKUP($A6,Lcode_mapping!$C:$AA,F$1,FALSE) -> #N/A | G6: =VLOOKUP($A6,Lcode_mapping!$C:$AA,G$1,FALSE) -> #N/A | H6: =VLOOKUP($A6,Lcode_mapping!$C:$AA,H$1,FALSE) -> #N/A | I6: =VLOOKUP($A6,Lcode_mapping!$C:$AA,I$1,FALSE) -> #N/A | J6: =VLOOKUP($A6,Lcode_mapping!$C:$AA,J$1,FALSE) -> #N/A
A7: GradOffsetConstraint | B7: =VLOOKUP($A7,Lcode_mapping!$C:$AA,B$1,FALSE) -> AtmSetup | C7: =VLOOKUP($A7,Lcode_mapping!$C:$AA,C$1,FALSE) -> Solve | D7: =VLOOKUP($A7,Lcode_mapping!$C:$AA,D$1,FALSE) -> Session | E7: =VLOOKUP($A7,Lcode_mapping!$C:$AA,E$1,FALSE) -> GradOffsetConstraint | F7: =VLOOKUP($A7,Lcode_mapping!$C:$AA,F$1,FALSE) -> R | G7: =VLOOKUP($A7,Lcode_mapping!$C:$AA,G$1,FALSE) -> 1 | H7: =VLOOKUP($A7,Lcode_mapping!$C:$AA,H$1,FALSE) -> 1 | I7: =VLOOKUP($A7,Lcode_mapping!$C:$AA,I$1,FALSE) -> 1 | J7: =VLOOKUP($A7,Lcode_mapping!$C:$AA,J$1,FALSE) -> Gradient Offset Constraint
A8: GradRateConstraint | B8: =VLOOKUP($A8,Lcode_mapping!$C:$AA,B$1,FALSE) -> AtmSetup | C8: =VLOOKUP($A8,Lcode_mapping!$C:$AA,C$1,FALSE) -> Solve | D8: =VLOOKUP($A8,Lcode_mapping!$C:$AA,D$1,FALSE) -> Session | E8: =VLOOKUP($A8,Lcode_mapping!$C:$AA,E$1,FALSE) -> GradRateConstraint | F8: =VLOOKUP($A8,Lcode_mapping!$C:$AA,F$1,FALSE) -> R | G8: =VLOOKUP($A8,Lcode_mapping!$C:$AA,G$1,FALSE) -> 1 | H8: =VLOOKUP($A8,Lcode_mapping!$C:$AA,H$1,FALSE) -> 1 | I8: =VLOOKUP($A8,Lcode_mapping!$C:$AA,I$1,FALSE) -> 1 | J8: =VLOOKUP($A8,Lcode_mapping!$C:$AA,J$1,FALSE) -> Gradient Rate Constraint
A9: AzTheo | B9: =VLOOKUP($A9,Lcode_mapping!$C:$AA,B$1,FALSE) -> AzEl | C9: =VLOOKUP($A9,Lcode_mapping!$C:$AA,C$1,FALSE) -> - | D9: =VLOOKUP($A9,Lcode_mapping!$C:$AA,D$1,FALSE) -> Station | E9: =VLOOKUP($A9,Lcode_mapping!$C:$AA,E$1,FALSE) -> AzTheo | F9: =VLOOKUP($A9,Lcode_mapping!$C:$AA,F$1,FALSE) -> R | G9: =VLOOKUP($A9,Lcode_mapping!$C:$AA,G$1,FALSE) -> 2 | H9: =VLOOKUP($A9,Lcode_mapping!$C:$AA,H$1,FALSE) -> 2 | I9: =VLOOKUP($A9,Lcode_mapping!$C:$AA,I$1,FALSE) -> 1 | J9: =VLOOKUP($A9,Lcode_mapping!$C:$AA,J$1,FALSE) -> Azimuth array definition
A10: ElTheo | B10: =VLOOKUP($A10,Lcode_mapping!$C:$AA,B$1,FALSE) -> AzEl | C10: =VLOOKUP($A10,Lcode_mapping!$C:$AA,C$1,FALSE) -> - | D10: =VLOOKUP($A10,Lcode_mapping!$C:$AA,D$1,FALSE) -> Station | E10: =VLOOKUP($A10,Lcode_mapping!$C:$AA,E$1,FALSE) -> ElTheo | F10: =VLOOKUP($A10,Lcode_mapping!$C:$AA,F$1,FALSE) -> R | G10: =VLOOKUP($A10,Lcode_mapping!$C:$AA,G$1,FALSE) -> 2 | H10: =VLOOKUP($A10,Lcode_mapping!$C:$AA,H$1,FALSE) -> 2 | I10: =VLOOKUP($A10,Lcode_mapping!$C:$AA,I$1,FALSE) -> 1 | J10: =VLOOKUP($A10,Lcode_mapping!$C:$AA,J$1,FALSE) -> Elevation array definition
A11: Baseline | B11: =VLOOKUP($A11,Lcode_mapping!$C:$AA,B$1,FALSE) -> Baseline | C11: =VLOOKUP($A11,Lcode_mapping!$C:$AA,C$1,FALSE) -> Observables | D11: =VLOOKUP($A11,Lcode_mapping!$C:$AA,D$1,FALSE) -> OBs | E11: =VLOOKUP($A11,Lcode_mapping!$C:$AA,E$1,FALSE) -> Baseline | F11: =VLOOKUP($A11,Lcode_mapping!$C:$AA,F$1,FALSE) -> A | G11: =VLOOKUP($A11,Lcode_mapping!$C:$AA,G$1,FALSE) -> 4 | H11: =VLOOKUP($A11,Lcode_mapping!$C:$AA,H$1,FALSE) -> 2 | I11: =VLOOKUP($A11,Lcode_mapping!$C:$AA,I$1,FALSE) -> 1 | J11: =VLOOKUP($A11,Lcode_mapping!$C:$AA,J$1,FALSE) -> Ref and rem site names.
A12: BaselineClock | B12: =VLOOKUP($A12,Lcode_mapping!$C:$AA,B$1,FALSE) -> #N/A | C12: =VLOOKUP($A12,Lcode_mapping!$C:$AA,C$1,FALSE) -> #N/A | D12: =VLOOKUP($A12,Lcode_mapping!$C:$AA,D$1,FALSE) -> #N/A | E12: =VLOOKUP($A12,Lcode_mapping!$C:$AA,E$1,FALSE) -> #N/A | F12: =VLOOKUP($A12,Lcode_mapping!$C:$AA,F$1,FALSE) -> #N/A | G12: =VLOOKUP($A12,Lcode_mapping!$C:$AA,G$1,FALSE) -> #N/A | H12: =VLOOKUP($A12,Lcode_mapping!$C:$AA,H$1,FALSE) -> #N/A | I12: =VLOOKUP($A12,Lcode_mapping!$C:$AA,I$1,FALSE) -> #N/A | J12: =VLOOKUP($A12,Lcode_mapping!$C:$AA,J$1,FALSE) -> #N/A
A13: AxisOffsetCal | B13: =VLOOKUP($A13,Lcode_mapping!$C:$AA,B$1,FALSE) -> #N/A | C13: =VLOOKUP($A13,Lcode_mapping!$C:$AA,C$1,FALSE) -> #N/A | D13: =VLOOKUP($A13,Lcode_mapping!$C:$AA,D$1,FALSE) -> #N/A | E13: =VLOOKUP($A13,Lcode_mapping!$C:$AA,E$1,FALSE) -> #N/A | F13: =VLOOKUP($A13,Lcode_mapping!$C:$AA,F$1,FALSE) -> #N/A | G13: =VLOOKUP($A13,Lcode_mapping!$C:$AA,G$1,FALSE) -> #N/A | H13: =VLOOKUP($A13,Lcode_mapping!$C:$AA,H$1,FALSE) -> #N/A | I13: =VLOOKUP($A13,Lcode_mapping!$C:$AA,I$1,FALSE) -> #N/A | J13: =VLOOKUP($A13,Lcode_mapping!$C:$AA,J$1,FALSE) -> #N/A
A14: BendCal | B14: =VLOOKUP($A14,Lcode_mapping!$C:$AA,B$1,FALSE) -> #N/A | C14: =VLOOKUP($A14,Lcode_mapping!$C:$AA,C$1,FALSE) -> #N/A | D14: =VLOOKUP($A14,Lcode_mapping!$C:$AA,D$1,FALSE) -> #N/A | E14: =VLOOKUP($A14,Lcode_mapping!$C:$AA,E$1,FALSE) -> #N/A | F14: =VLOOKUP($A14,Lcode_mapping!$C:$AA,F$1,FALSE) -> #N/A | G14: =VLOOKUP($A14,Lcode_mapping!$C:$AA,G$1,FALSE) -> #N/A | H14: =VLOOKUP($A14,Lcode_mapping!$C:$AA,H$1,FALSE) -> #N/A | I14: =VLOOKUP($A14,Lcode_mapping!$C:$AA,I$1,FALSE) -> #N/A | J14: =VLOOKUP($A14,Lcode_mapping!$C:$AA,J$1,FALSE) -> #N/A
A15: BendSunCal | B15: =VLOOKUP($A15,Lcode_mapping!$C:$AA,B$1,FALSE) -> #N/A | C15: =VLOOKUP($A15,Lcode_mapping!$C:$AA,C$1,FALSE) -> #N/A | D15: =VLOOKUP($A15,Lcode_mapping!$C:$AA,D$1,FALSE) -> #N/A | E15: =VLOOKUP($A15,Lcode_mapping!$C:$AA,E$1,FALSE) -> #N/A | F15: =VLOOKUP($A15,Lcode_mapping!$C:$AA,F$1,FALSE) -> #N/A | G15: =VLOOKUP($A15,Lcode_mapping!$C:$AA,G$1,FALSE) -> #N/A | H15: =VLOOKUP($A15,Lcode_mapping!$C:$AA,H$1,FALSE) -> #N/A | I15: =VLOOKUP($A15,Lcode_mapping!$C:$AA,I$1,FALSE) -> #N/A | J15: =VLOOKUP($A15,Lcode_mapping!$C:$AA,J$1,FALSE) -> #N/A
... A243: FeedRotation | B243: =VLOOKUP($A243,Lcode_mapping!$C:$AA,B$1,FALSE) -> FeedRotation | C243: =VLOOKUP($A243,Lcode_mapping!$C:$AA,C$1,FALSE) -> - | D243: =VLOOKUP($A243,Lcode_mapping!$C:$AA,D$1,FALSE) -> Station | E243: =VLOOKUP($A243,Lcode_mapping!$C:$AA,E$1,FALSE) -> FeedRotation | F243: =VLOOKUP($A243,Lcode_mapping!$C:$AA,F$1,FALSE) -> R | G243: =VLOOKUP($A243,Lcode_mapping!$C:$AA,G$1,FALSE) -> 2 | H243: =VLOOKUP($A243,Lcode_mapping!$C:$AA,H$1,FALSE) -> 1 | I243: =VLOOKUP($A243,Lcode_mapping!$C:$AA,I$1,FALSE) -> 1 | J243: =VLOOKUP($A243,Lcode_mapping!$C:$AA,J$1,FALSE) -> Feedhorn rotation angle.
A244: FractC | B244: FractC | C244: =VLOOKUP($A244,Lcode_mapping!$C:$AA,C$1,FALSE) -> Solve | D244: =VLOOKUP($A244,Lcode_mapping!$C:$AA,D$1,FALSE) -> Obs | E244: =VLOOKUP($A244,Lcode_mapping!$C:$AA,E$1,FALSE) -> FractC | F244: =VLOOKUP($A244,Lcode_mapping!$C:$AA,F$1,FALSE) -> R | G244: =VLOOKUP($A244,Lcode_mapping!$C:$AA,G$1,FALSE) -> 1 | H244: =VLOOKUP($A244,Lcode_mapping!$C:$AA,H$1,FALSE) -> 1 | I244: =VLOOKUP($A244,Lcode_mapping!$C:$AA,I$1,FALSE) -> 1 | J244: =VLOOKUP($A244,Lcode_mapping!$C:$AA,J$1,FALSE) -> Coordinate time at site 1
A245: GroupBLWeightName | B245: =VLOOKUP($A245,Lcode_mapping!$C:$AA,B$1,FALSE) -> #N/A | C245: =VLOOKUP($A245,Lcode_mapping!$C:$AA,C$1,FALSE) -> #N/A | D245: =VLOOKUP($A245,Lcode_mapping!$C:$AA,D$1,FALSE) -> #N/A | E245: =VLOOKUP($A245,Lcode_mapping!$C:$AA,E$1,FALSE) -> #N/A | F245: =VLOOKUP($A245,Lcode_mapping!$C:$AA,F$1,FALSE) -> #N/A | G245: =VLOOKUP($A245,Lcode_mapping!$C:$AA,G$1,FALSE) -> #N/A | H245: =VLOOKUP($A245,Lcode_mapping!$C:$AA,H$1,FALSE) -> #N/A | I245: =VLOOKUP($A245,Lcode_mapping!$C:$AA,I$1,FALSE) -> #N/A | J245: =VLOOKUP($A245,Lcode_mapping!$C:$AA,J$1,FALSE) -> #N/A
A246: GroupBLWeights | B246: =VLOOKUP($A246,Lcode_mapping!$C:$AA,B$1,FALSE) -> GroupBLWeights | C246: =VLOOKUP($A246,Lcode_mapping!$C:$AA,C$1,FALSE) -> Session | D246: =VLOOKUP($A246,Lcode_mapping!$C:$AA,D$1,FALSE) -> Session | E246: =VLOOKUP($A246,Lcode_mapping!$C:$AA,E$1,FALSE) -> GroupBLWeights | F246: =VLOOKUP($A246,Lcode_mapping!$C:$AA,F$1,FALSE) -> R | G246: =VLOOKUP($A246,Lcode_mapping!$C:$AA,G$1,FALSE) -> 2 | H246: =VLOOKUP($A246,Lcode_mapping!$C:$AA,H$1,FALSE) -> 55 | I246: =VLOOKUP($A246,Lcode_mapping!$C:$AA,I$1,FALSE) -> 1 | J246: =VLOOKUP($A246,Lcode_mapping!$C:$AA,J$1,FALSE) -> Group delay and rate re-weighting constants.
A247: GroupDelaySig | B247: =VLOOKUP($A247,Lcode_mapping!$C:$AA,B$1,FALSE) -> GroupDelay_bS | C247: =VLOOKUP($A247,Lcode_mapping!$C:$AA,C$1,FALSE) -> Observables | D247: =VLOOKUP($A247,Lcode_mapping!$C:$AA,D$1,FALSE) -> Obs | E247: =VLOOKUP($A247,Lcode_mapping!$C:$AA,E$1,FALSE) -> GroupDelaySig | F247: =VLOOKUP($A247,Lcode_mapping!$C:$AA,F$1,FALSE) -> R | G247: =VLOOKUP($A247,Lcode_mapping!$C:$AA,G$1,FALSE) -> 1 | H247: =VLOOKUP($A247,Lcode_mapping!$C:$AA,H$1,FALSE) -> 1 | I247: =VLOOKUP($A247,Lcode_mapping!$C:$AA,I$1,FALSE) -> 1 | J247: =VLOOKUP($A247,Lcode_mapping!$C:$AA,J$1,FALSE) -> Delay Measurement Sigma
A248: GroupDelayFull | B248: =VLOOKUP($A248,Lcode_mapping!$C:$AA,B$1,FALSE) -> GroupDelayFull_bS | C248: =VLOOKUP($A248,Lcode_mapping!$C:$AA,C$1,FALSE) -> ObsEdit | D248: =VLOOKUP($A248,Lcode_mapping!$C:$AA,D$1,FALSE) -> Obs | E248: =VLOOKUP($A248,Lcode_mapping!$C:$AA,E$1,FALSE) -> GroupDelayFull | F248: =VLOOKUP($A248,Lcode_mapping!$C:$AA,F$1,FALSE) -> R | G248: =VLOOKUP($A248,Lcode_mapping!$C:$AA,G$1,FALSE) -> 1 | H248: =VLOOKUP($A248,Lcode_mapping!$C:$AA,H$1,FALSE) -> 1 | I248: =VLOOKUP($A248,Lcode_mapping!$C:$AA,I$1,FALSE) -> 1 | J248: =VLOOKUP($A248,Lcode_mapping!$C:$AA,J$1,FALSE) -> Delay Observable with ambiguities resolved and added.
A249: DataFlag | B249: =VLOOKUP($A249,Lcode_mapping!$C:$AA,B$1,FALSE) -> DataFlag_bS | C249: =VLOOKUP($A249,Lcode_mapping!$C:$AA,C$1,FALSE) -> Observables | D249: =VLOOKUP($A249,Lcode_mapping!$C:$AA,D$1,FALSE) -> Obs | E249: =VLOOKUP($A249,Lcode_mapping!$C:$AA,E$1,FALSE) -> DataFlag | F249: =VLOOKUP($A249,Lcode_mapping!$C:$AA,F$1,FALSE) -> I | G249: =VLOOKUP($A249,Lcode_mapping!$C:$AA,G$1,FALSE) -> 1 | H249: =VLOOKUP($A249,Lcode_mapping!$C:$AA,H$1,FALSE) -> 1 | I249: =VLOOKUP($A249,Lcode_mapping!$C:$AA,I$1,FALSE) -> 1 | J249: =VLOOKUP($A249,Lcode_mapping!$C:$AA,J$1,FALSE) -> 0=OK, -1=Missing, -2=bad,-3=sigma small, -4=sigma big
A250: GroupRate | B250: =VLOOKUP($A250,Lcode_mapping!$C:$AA,B$1,FALSE) -> GroupRate_bS | C250: =VLOOKUP($A250,Lcode_mapping!$C:$AA,C$1,FALSE) -> Observables | D250: =VLOOKUP($A250,Lcode_mapping!$C:$AA,D$1,FALSE) -> Obs | E250: =VLOOKUP($A250,Lcode_mapping!$C:$AA,E$1,FALSE) -> GroupRate | F250: =VLOOKUP($A250,Lcode_mapping!$C:$AA,F$1,FALSE) -> R | G250: =VLOOKUP($A250,Lcode_mapping!$C:$AA,G$1,FALSE) -> 1 | H250: =VLOOKUP($A250,Lcode_mapping!$C:$AA,H$1,FALSE) -> 1 | I250: =VLOOKUP($A250,Lcode_mapping!$C:$AA,I$1,FALSE) -> 1 | J250: =VLOOKUP($A250,Lcode_mapping!$C:$AA,J$1,FALSE) -> Rate Observable
A251: GroupRateSig | B251: =VLOOKUP($A251,Lcode_mapping!$C:$AA,B$1,FALSE) -> GroupRate_bS | C251: =VLOOKUP($A251,Lcode_mapping!$C:$AA,C$1,FALSE) -> Observables | D251: =VLOOKUP($A251,Lcode_mapping!$C:$AA,D$1,FALSE) -> Obs | E251: =VLOOKUP($A251,Lcode_mapping!$C:$AA,E$1,FALSE) -> GroupRateSig | F251: =VLOOKUP($A251,Lcode_mapping!$C:$AA,F$1,FALSE) -> R | G251: =VLOOKUP($A251,Lcode_mapping!$C:$AA,G$1,FALSE) -> 1 | H251: =VLOOKUP($A251,Lcode_mapping!$C:$AA,H$1,FALSE) -> 1 | I251: =VLOOKUP($A251,Lcode_mapping!$C:$AA,I$1,FALSE) -> 1 | J251: =VLOOKUP($A251,Lcode_mapping!$C:$AA,J$1,FALSE) -> Rate Measurement Sigma
A252: Correlator | B252: =VLOOKUP($A252,Lcode_mapping!$C:$AA,B$1,FALSE) -> Head | C252: =VLOOKUP($A252,Lcode_mapping!$C:$AA,C$1,FALSE) -> - | D252: =VLOOKUP($A252,Lcode_mapping!$C:$AA,D$1,FALSE) -> Session | E252: =VLOOKUP($A252,Lcode_mapping!$C:$AA,E$1,FALSE) -> Correlator | F252: =VLOOKUP($A252,Lcode_mapping!$C:$AA,F$1,FALSE) -> A | G252: =VLOOKUP($A252,Lcode_mapping!$C:$AA,G$1,FALSE) -> 16 | H252: =VLOOKUP($A252,Lcode_mapping!$C:$AA,H$1,FALSE) -> 1 | I252: =VLOOKUP($A252,Lcode_mapping!$C:$AA,I$1,FALSE) -> 1 | J252: =VLOOKUP($A252,Lcode_mapping!$C:$AA,J$1,FALSE) -> Correlator name.
A253: CorrelatorType | B253: =VLOOKUP($A253,Lcode_mapping!$C:$AA,B$1,FALSE) -> Head | C253: =VLOOKUP($A253,Lcode_mapping!$C:$AA,C$1,FALSE) -> - | D253: =VLOOKUP($A253,Lcode_mapping!$C:$AA,D$1,FALSE) -> Session | E253: =VLOOKUP($A253,Lcode_mapping!$C:$AA,E$1,FALSE) -> CorrelatorType | F253: =VLOOKUP($A253,Lcode_mapping!$C:$AA,F$1,FALSE) -> A | G253: =VLOOKUP($A253,Lcode_mapping!$C:$AA,G$1,FALSE) -> 4 | H253: =VLOOKUP($A253,Lcode_mapping!$C:$AA,H$1,FALSE) -> 1 | I253: =VLOOKUP($A253,Lcode_mapping!$C:$AA,I$1,FALSE) -> 1 | J253: =VLOOKUP($A253,Lcode_mapping!$C:$AA,J$1,FALSE) -> Correlator type: MK3/MK4/K4 etc.
A254: ExpDescription | B254: =VLOOKUP($A254,Lcode_mapping!$C:$AA,B$1,FALSE) -> Head | C254: =VLOOKUP($A254,Lcode_mapping!$C:$AA,C$1,FALSE) -> - | D254: =VLOOKUP($A254,Lcode_mapping!$C:$AA,D$1,FALSE) -> Session | E254: =VLOOKUP($A254,Lcode_mapping!$C:$AA,E$1,FALSE) -> ExpDescription | F254: =VLOOKUP($A254,Lcode_mapping!$C:$AA,F$1,FALSE) -> A | G254: =VLOOKUP($A254,Lcode_mapping!$C:$AA,G$1,FALSE) -> 40 | H254: =VLOOKUP($A254,Lcode_mapping!$C:$AA,H$1,FALSE) -> 1 | I254: =VLOOKUP($A254,Lcode_mapping!$C:$AA,I$1,FALSE) -> 1 | J254: =VLOOKUP($A254,Lcode_mapping!$C:$AA,J$1,FALSE) -> Experiment description.
A255: ExpSerialNumber | B255: =VLOOKUP($A255,Lcode_mapping!$C:$AA,B$1,FALSE) -> Head | C255: =VLOOKUP($A255,Lcode_mapping!$C:$AA,C$1,FALSE) -> - | D255: =VLOOKUP($A255,Lcode_mapping!$C:$AA,D$1,FALSE) -> Session | E255: =VLOOKUP($A255,Lcode_mapping!$C:$AA,E$1,FALSE) -> ExpSerialNumber | F255: =VLOOKUP($A255,Lcode_mapping!$C:$AA,F$1,FALSE) -> I | G255: =VLOOKUP($A255,Lcode_mapping!$C:$AA,G$1,FALSE) -> 1 | H255: =VLOOKUP($A255,Lcode_mapping!$C:$AA,H$1,FALSE) -> 1 | I255: =VLOOKUP($A255,Lcode_mapping!$C:$AA,I$1,FALSE) -> 1 | J255: =VLOOKUP($A255,Lcode_mapping!$C:$AA,J$1,FALSE) -> Experiment Serial Number.
A256: iUTCInterval | B256: =VLOOKUP($A256,Lcode_mapping!$C:$AA,B$1,FALSE) -> Head | C256: =VLOOKUP($A256,Lcode_mapping!$C:$AA,C$1,FALSE) -> - | D256: =VLOOKUP($A256,Lcode_mapping!$C:$AA,D$1,FALSE) -> Session | E256: =VLOOKUP($A256,Lcode_mapping!$C:$AA,E$1,FALSE) -> iUTCInterval | F256: =VLOOKUP($A256,Lcode_mapping!$C:$AA,F$1,FALSE) -> I | G256: =VLOOKUP($A256,Lcode_mapping!$C:$AA,G$1,FALSE) -> 5 | H256: =VLOOKUP($A256,Lcode_mapping!$C:$AA,H$1,FALSE) -> 2 | I256: =VLOOKUP($A256,Lcode_mapping!$C:$AA,I$1,FALSE) -> 1 | J256: =VLOOKUP($A256,Lcode_mapping!$C:$AA,J$1,FALSE) -> First and last UTC time tag in input file.
... A348: Tsys | B348: =VLOOKUP($A348,Lcode_mapping!$C:$AA,B$1,FALSE) -> Tsys | C348: =VLOOKUP($A348,Lcode_mapping!$C:$AA,C$1,FALSE) -> Observables | D348: =VLOOKUP($A348,Lcode_mapping!$C:$AA,D$1,FALSE) -> Obs | E348: =VLOOKUP($A348,Lcode_mapping!$C:$AA,E$1,FALSE) -> Tsys | F348: =VLOOKUP($A348,Lcode_mapping!$C:$AA,F$1,FALSE) -> R | G348: =VLOOKUP($A348,Lcode_mapping!$C:$AA,G$1,FALSE) -> 16 | H348: =VLOOKUP($A348,Lcode_mapping!$C:$AA,H$1,FALSE) -> 2 | I348: =VLOOKUP($A348,Lcode_mapping!$C:$AA,I$1,FALSE) -> 1 | J348: =VLOOKUP($A348,Lcode_mapping!$C:$AA,J$1,FALSE) -> TSYS TMP (K) 14CH AND IF1 IF2
A349: UNCALDLY | B349: UNCALDLY | C349: =VLOOKUP($A349,Lcode_mapping!$C:$AA,C$1,FALSE) -> - | D349: =VLOOKUP($A349,Lcode_mapping!$C:$AA,D$1,FALSE) -> Obs | E349: =VLOOKUP($A349,Lcode_mapping!$C:$AA,E$1,FALSE) -> UNCALDLY | F349: =VLOOKUP($A349,Lcode_mapping!$C:$AA,F$1,FALSE) -> R | G349: =VLOOKUP($A349,Lcode_mapping!$C:$AA,G$1,FALSE) -> 1 | H349: =VLOOKUP($A349,Lcode_mapping!$C:$AA,H$1,FALSE) -> 1 | I349: =VLOOKUP($A349,Lcode_mapping!$C:$AA,I$1,FALSE) -> 1 | J349: =VLOOKUP($A349,Lcode_mapping!$C:$AA,J$1,FALSE) -> Bad Phase Cal Delay. Removed from Obs.
A350: UNPHAFLG | B350: UNPHAFLG | C350: =VLOOKUP($A350,Lcode_mapping!$C:$AA,C$1,FALSE) -> Solve | D350: =VLOOKUP($A350,Lcode_mapping!$C:$AA,D$1,FALSE) -> Obs | E350: =VLOOKUP($A350,Lcode_mapping!$C:$AA,E$1,FALSE) -> UNPHAFLG | F350: =VLOOKUP($A350,Lcode_mapping!$C:$AA,F$1,FALSE) -> I | G350: =VLOOKUP($A350,Lcode_mapping!$C:$AA,G$1,FALSE) -> 2 | H350: =VLOOKUP($A350,Lcode_mapping!$C:$AA,H$1,FALSE) -> 2 | I350: =VLOOKUP($A350,Lcode_mapping!$C:$AA,I$1,FALSE) -> 1 | J350: =VLOOKUP($A350,Lcode_mapping!$C:$AA,J$1,FALSE) -> UnPhaseCal flag
A351: URVR | B351: URVR | C351: =VLOOKUP($A351,Lcode_mapping!$C:$AA,C$1,FALSE) -> Observables | D351: =VLOOKUP($A351,Lcode_mapping!$C:$AA,D$1,FALSE) -> Obs | E351: =VLOOKUP($A351,Lcode_mapping!$C:$AA,E$1,FALSE) -> URVR | F351: =VLOOKUP($A351,Lcode_mapping!$C:$AA,F$1,FALSE) -> R | G351: =VLOOKUP($A351,Lcode_mapping!$C:$AA,G$1,FALSE) -> 2 | H351: =VLOOKUP($A351,Lcode_mapping!$C:$AA,H$1,FALSE) -> 1 | I351: =VLOOKUP($A351,Lcode_mapping!$C:$AA,I$1,FALSE) -> 1 | J351: =VLOOKUP($A351,Lcode_mapping!$C:$AA,J$1,FALSE) -> Rate derivatives mHz per asec.
A352: UVFperAsec | B352: UVFperAsec | C352: =VLOOKUP($A352,Lcode_mapping!$C:$AA,C$1,FALSE) -> Solve | D352: =VLOOKUP($A352,Lcode_mapping!$C:$AA,D$1,FALSE) -> Obs | E352: =VLOOKUP($A352,Lcode_mapping!$C:$AA,E$1,FALSE) -> UVFperAsec | F352: =VLOOKUP($A352,Lcode_mapping!$C:$AA,F$1,FALSE) -> R | G352: =VLOOKUP($A352,Lcode_mapping!$C:$AA,G$1,FALSE) -> 2 | H352: =VLOOKUP($A352,Lcode_mapping!$C:$AA,H$1,FALSE) -> 1 | I352: =VLOOKUP($A352,Lcode_mapping!$C:$AA,I$1,FALSE) -> 1 | J352: =VLOOKUP($A352,Lcode_mapping!$C:$AA,J$1,FALSE) -> U V in FR per arcsec from CALC
A353: F12VOLT | B353: =VLOOKUP($A353,Lcode_mapping!$C:$AA,B$1,FALSE) -> WVR | C353: =VLOOKUP($A353,Lcode_mapping!$C:$AA,C$1,FALSE) -> - | D353: =VLOOKUP($A353,Lcode_mapping!$C:$AA,D$1,FALSE) -> Station | E353: =VLOOKUP($A353,Lcode_mapping!$C:$AA,E$1,FALSE) -> F12VOLT | F353: =VLOOKUP($A353,Lcode_mapping!$C:$AA,F$1,FALSE) -> R | G353: =VLOOKUP($A353,Lcode_mapping!$C:$AA,G$1,FALSE) -> 2 | H353: =VLOOKUP($A353,Lcode_mapping!$C:$AA,H$1,FALSE) -> 2 | I353: =VLOOKUP($A353,Lcode_mapping!$C:$AA,I$1,FALSE) -> 1 | J353: =VLOOKUP($A353,Lcode_mapping!$C:$AA,J$1,FALSE) -> F1, F2 VOLT .
A354: WVRDelay | B354: =VLOOKUP($A354,Lcode_mapping!$C:$AA,B$1,FALSE) -> WVR | C354: =VLOOKUP($A354,Lcode_mapping!$C:$AA,C$1,FALSE) -> - | D354: =VLOOKUP($A354,Lcode_mapping!$C:$AA,D$1,FALSE) -> Station | E354: =VLOOKUP($A354,Lcode_mapping!$C:$AA,E$1,FALSE) -> WVRDelay | F354: =VLOOKUP($A354,Lcode_mapping!$C:$AA,F$1,FALSE) -> R | G354: =VLOOKUP($A354,Lcode_mapping!$C:$AA,G$1,FALSE) -> 2 | H354: =VLOOKUP($A354,Lcode_mapping!$C:$AA,H$1,FALSE) -> 2 | I354: =VLOOKUP($A354,Lcode_mapping!$C:$AA,I$1,FALSE) -> 2 | J354: =VLOOKUP($A354,Lcode_mapping!$C:$AA,J$1,FALSE) -> WVR line of sight & ZENITH(sec)
A355: WVRQcode | B355: =VLOOKUP($A355,Lcode_mapping!$C:$AA,B$1,FALSE) -> WVR | C355: =VLOOKUP($A355,Lcode_mapping!$C:$AA,C$1,FALSE) -> - | D355: =VLOOKUP($A355,Lcode_mapping!$C:$AA,D$1,FALSE) -> Station | E355: =VLOOKUP($A355,Lcode_mapping!$C:$AA,E$1,FALSE) -> WVRQcode | F355: =VLOOKUP($A355,Lcode_mapping!$C:$AA,F$1,FALSE) -> I | G355: =VLOOKUP($A355,Lcode_mapping!$C:$AA,G$1,FALSE) -> 2 | H355: =VLOOKUP($A355,Lcode_mapping!$C:$AA,H$1,FALSE) -> 1 | I355: =VLOOKUP($A355,Lcode_mapping!$C:$AA,I$1,FALSE) -> 1 | J355: =VLOOKUP($A355,Lcode_mapping!$C:$AA,J$1,FALSE) -> WVR DELAY DATA QUALITY CODE
A356: WVRTemp | B356: =VLOOKUP($A356,Lcode_mapping!$C:$AA,B$1,FALSE) -> WVR | C356: =VLOOKUP($A356,Lcode_mapping!$C:$AA,C$1,FALSE) -> - | D356: =VLOOKUP($A356,Lcode_mapping!$C:$AA,D$1,FALSE) -> Station | E356: =VLOOKUP($A356,Lcode_mapping!$C:$AA,E$1,FALSE) -> WVRTemp | F356: =VLOOKUP($A356,Lcode_mapping!$C:$AA,F$1,FALSE) -> R | G356: =VLOOKUP($A356,Lcode_mapping!$C:$AA,G$1,FALSE) -> 2 | H356: =VLOOKUP($A356,Lcode_mapping!$C:$AA,H$1,FALSE) -> 2 | I356: =VLOOKUP($A356,Lcode_mapping!$C:$AA,I$1,FALSE) -> 1 | J356: =VLOOKUP($A356,Lcode_mapping!$C:$AA,J$1,FALSE) -> BRT TEMP (K) OF WVR ,F1,F2.
A357: WVRTempRef | B357: =VLOOKUP($A357,Lcode_mapping!$C:$AA,B$1,FALSE) -> WVR | C357: =VLOOKUP($A357,Lcode_mapping!$C:$AA,C$1,FALSE) -> - | D357: =VLOOKUP($A357,Lcode_mapping!$C:$AA,D$1,FALSE) -> Station | E357: =VLOOKUP($A357,Lcode_mapping!$C:$AA,E$1,FALSE) -> WVRTempRef | F357: =VLOOKUP($A357,Lcode_mapping!$C:$AA,F$1,FALSE) -> R | G357: =VLOOKUP($A357,Lcode_mapping!$C:$AA,G$1,FALSE) -> 3 | H357: =VLOOKUP($A357,Lcode_mapping!$C:$AA,H$1,FALSE) -> 2 | I357: =VLOOKUP($A357,Lcode_mapping!$C:$AA,I$1,FALSE) -> 1 | J357: =VLOOKUP($A357,Lcode_mapping!$C:$AA,J$1,FALSE) -> REFERENCE1,2 WVR TEMP (K).

Sheet global_toc
B1: Type | D1: D1 | E1: D2 | F1: D3 | G1: K | H1: Des | I1: First | J1: Last | K1: # | M1: Check to see if in lcode_mapping
A2: 1 | B2: 1 | C2: SITERECS | D2: 3 | E2: 3 | F2: 1 | G2: R | H2: Site cartesian coords (m). | I2: 79AUG03XX | J2: 11OCT17XA | K2: 5029 | M2: =VLOOKUP(C2,Lcode_mapping!D:D,1,FALSE) -> SITERECS
A3: 2 | B3: 1 | C3: AXISOFFS | D3: 3 | E3: 1 | F3: 1 | G3: R | H3: Axis offsets (m). | I3: 79AUG03XX | J3: 11OCT17XA | K3: 5029 | M3: =VLOOKUP(C3,Lcode_mapping!D:D,1,FALSE) -> AXISOFFS
A4: 3 | B4: 1 | C4: ETD DATA | D4: 3 | E4: 1 | F4: 1 | G4: R | H4: Earth tide module data (la.,h,l) | I4: 79AUG03XX | J4: 11OCT17XA | K4: 5029 | M4: =VLOOKUP(C4,Lcode_mapping!D:D,1,FALSE) -> ETD DATA
A5: 4 | B5: 1 | C5: PRE DATA | D5: 1 | E5: 1 | F5: 1 | G5: R | H5: Precession constant (asec/cent). | I5: 79AUG03XX | J5: 11OCT17XA | K5: 5029 | M5: =VLOOKUP(C5,Lcode_mapping!D:D,1,FALSE) -> PRE DATA
A6: 5 | B6: 1 | C6: REL DATA | D6: 1 | E6: 1 | F6: 1 | G6: R | H6: Relativity mod data (gamma). | I6: 79AUG03XX | J6: 11OCT17XA | K6: 5029 | M6: =VLOOKUP(C6,Lcode_mapping!D:D,1,FALSE) -> REL DATA
A7: 6 | B7: 1 | C7: PI | D7: 1 | E7: 1 | F7: 1 | G7: R | H7: Pi - to 17 digits accuracy. | I7: 79AUG03XX | J7: 11OCT17XA | K7: 5029 | M7: =VLOOKUP(C7,Lcode_mapping!D:D,1,FALSE) -> PI
A8: 7 | B8: 1 | C8: HALF PI | D8: 1 | E8: 1 | F8: 1 | G8: R | H8: Half pi - to 17 digits accuracy. | I8: 79AUG03XX | J8: 11OCT17XA | K8: 5029 | M8: =VLOOKUP(C8,Lcode_mapping!D:D,1,FALSE) -> HALF PI
A9: 8 | B9: 1 | C9: RAD/DEG | D9: 1 | E9: 1 | F9: 1 | G9: R | H9: Number of radians per degree. | I9: 79AUG03XX | J9: 11OCT17XA | K9: 5003 | M9: =VLOOKUP(C9,Lcode_mapping!D:D,1,FALSE) -> RAD/DEG
A10: 9 | B10: 1 | C10: VLIGHT | D10: 1 | E10: 1 | F10: 1 | G10: R | H10: The speed of light (m/sec). | I10: 79AUG03XX | J10: 11OCT17XA | K10: 5029 | M10: =VLOOKUP(C10,Lcode_mapping!D:D,1,FALSE) -> VLIGHT
A11: 10 | B11: 1 | C11: GAUSS | D11: 1 | E11: 1 | F11: 1 | G11: R | H11: Gauss's constant (rad). | I11: 79AUG03XX | J11: 11OCT17XA | K11: 5029 | M11: =VLOOKUP(C11,Lcode_mapping!D:D,1,FALSE) -> GAUSS
A12: 11 | B12: 1 | C12: ACCELGRV | D12: 1 | E12: 1 | F12: 1 | G12: R | H12: Accel grav at erth surface m/s^2 | I12: 79AUG03XX | J12: 11OCT17XA | K12: 5029 | M12: =VLOOKUP(C12,Lcode_mapping!D:D,1,FALSE) -> ACCELGRV
A13: 12 | B13: 1 | C13: GMSUN | D13: 1 | E13: 1 | F13: 1 | G13: R | H13: GM of the Sun (m^3/sec^2). | I13: 79AUG03XX | J13: 11OCT17XA | K13: 5029 | M13: =VLOOKUP(C13,Lcode_mapping!D:D,1,FALSE) -> GMSUN
... A207: 206 | B207: 1 | C207: RAD TSEC | D207: 1 | E207: 1 | F207: 1 | G207: R | H207: Radians per time second ........ | I207: 08APR17XF | J207: 11JUN23XF | K207: 26 | M207: =VLOOKUP(C207,Lcode_mapping!D:D,1,FALSE) -> RAD TSEC
A208: >>> | C208: >>>>>Begi | G208: t | M208: =VLOOKUP(C208,Lcode_mapping!D:D,1,FALSE) -> #N/A
A209: 1 | B209: 2 | C209: RFREQ | D209: 5 | E209: 1 | F209: 1 | G209: R | H209: RF freq by channel (MHz)........ | I209: 79AUG03XX | J209: 11OCT17XA | K209: 5029 | M209: =VLOOKUP(C209,Lcode_mapping!D:D,1,FALSE) -> RFREQ
A210: 2 | B210: 2 | C210: REF FREQ | D210: 1 | E210: 1 | F210: 1 | G210: R | H210: Freq to which phase is referred. | I210: 79AUG03XX | J210: 11OCT17XA | K210: 5029 | M210: =VLOOKUP(C210,Lcode_mapping!D:D,1,FALSE) -> REF FREQ
A211: 3 | B211: 2 | C211: RAT OBSV | D211: 1 | E211: 1 | F211: 1 | G211: R | H211: Observd delay rate (sec per sec) | I211: 79AUG03XX | J211: 11OCT17XA | K211: 5029 | M211: =VLOOKUP(C211,Lcode_mapping!D:D,1,FALSE) -> RAT OBSV
A212: 4 | B212: 2 | C212: NB DELAY | D212: 1 | E212: 1 | F212: 1 | G212: R | H212: Single band delay (microsec).... | I212: 79AUG03XX | J212: 80APR13X_ | K212: 3 | M212: =VLOOKUP(C212,Lcode_mapping!D:D,1,FALSE) -> NB DELAY
A213: 5 | B213: 2 | C213: AMPBYFRQ | D213: 2 | E213: 5 | F213: 1 | G213: R | H213: Amp(0-1), phs by chan(-180to180) | I213: 79AUG03XX | J213: 11OCT17XA | K213: 4979 | M213: =VLOOKUP(C213,Lcode_mapping!D:D,1,FALSE) -> AMPBYFRQ
A214: 6 | B214: 2 | C214: PHASECAL | D214: 2 | E214: 1 | F214: 1 | G214: R | H214: PC rate by sta ( us per s)...... | I214: 79AUG03XX | J214: 11OCT17XA | K214: 5028 | M214: =VLOOKUP(C214,Lcode_mapping!D:D,1,FALSE) -> PHASECAL
A215: 7 | B215: 2 | C215: DELRESID | D215: 1 | E215: 1 | F215: 1 | G215: R | H215: Delay residual (sec)............ | I215: 79AUG03XX | J215: 11OCT17XA | K215: 5029 | M215: =VLOOKUP(C215,Lcode_mapping!D:D,1,FALSE) -> DELRESID
A216: 8 | B216: 2 | C216: DELSIGMA | D216: 1 | E216: 1 | F216: 1 | G216: R | H216: Delay err (sec)................. | I216: 79AUG03XX | J216: 11OCT17XA | K216: 5029 | M216: =VLOOKUP(C216,Lcode_mapping!D:D,1,FALSE) -> DELSIGMA
A217: 9 | B217: 2 | C217: RATRESID | D217: 1 | E217: 1 | F217: 1 | G217: R | H217: Rate resid (sec per sec)........ | I217: 79AUG03XX | J217: 11OCT17XA | K217: 4987 | M217: =VLOOKUP(C217,Lcode_mapping!D:D,1,FALSE) -> RATRESID
A218: 10 | B218: 2 | C218: RATSIGMA | D218: 1 | E218: 1 | F218: 1 | G218: R | H218: Rate formal error(sec per sec).. | I218: 79AUG03XX | J218: 11OCT17XA | K218: 5029 | M218: =VLOOKUP(C218,Lcode_mapping!D:D,1,FALSE) -> RATSIGMA
A219: 11 | B219: 2 | C219: COHERCOR | D219: 1 | E219: 1 | F219: 1 | G219: R | H219: Corr coeff (0 --> 1)............ | I219: 79AUG03XX | J219: 11OCT17XA | K219: 5029 | M219: =VLOOKUP(C219,Lcode_mapping!D:D,1,FALSE) -> COHERCOR
A220: 12 | B220: 2 | C220: TOTPHASE | D220: 1 | E220: 1 | F220: 1 | G220: R | H220: Total phase degrees mod 360..... | I220: 79AUG03XX | J220: 11OCT17XA | K220: 5029 | M220: =VLOOKUP(C220,Lcode_mapping!D:D,1,FALSE) -> TOTPHASE
... A347: 139 | B347: 2 | C347: PHSUFLAG | D347: 1 | E347: 1 | F347: 1 | G347: I | H347: Phase unweight flag | I347: 80OCT17X_ | J347: 10FEB11XE | K347: 429 | M347: =VLOOKUP(C347,Lcode_mapping!D:D,1,FALSE) -> PHSUFLAG
A348: 140 | B348: 2 | C348: IONPCORR | D348: 1 | E348: 1 | F348: 1 | G348: 4 | H348: Ion corr(phase) Add to theo. sec | I348: 80OCT17X_ | J348: 10FEB11XE | K348: 419 | M348: =VLOOKUP(C348,Lcode_mapping!D:D,1,FALSE) -> IONPCORR
A349: 141 | B349: 2 | C349: #PAMBIG | D349: 1 | E349: 1 | F349: 1 | G349: J | H349: # phase ambiguities | I349: 80OCT17X_ | J349: 10FEB11XE | K349: 446 | M349: =VLOOKUP(C349,Lcode_mapping!D:D,1,FALSE) -> #PAMBIG
A350: 142 | B350: 2 | C350: FROTDLAY | D350: 1 | E350: 1 | F350: 1 | G350: R | H350: Delay due to rel. feed rotation. | I350: 81JAN13XA | J350: 81JAN13XA | K350: 1 | M350: =VLOOKUP(C350,Lcode_mapping!D:D,1,FALSE) -> FROTDLAY
A351: 143 | B351: 2 | C351: IONFACTR | D351: 1 | E351: 1 | F351: 1 | G351: R | H351: S/X DIFFERENCE ION SCALING FACTO | I351: 81JUN16X_ | J351: 81JUN17X_ | K351: 2 | M351: =VLOOKUP(C351,Lcode_mapping!D:D,1,FALSE) -> IONFACTR
A352: 144 | B352: 2 | C352: SB SIGMA | D352: 1 | E352: 1 | F352: 1 | G352: R | H352: SB delay error microseconds..... | I352: 81NOV18X_ | J352: 11OCT17XA | K352: 4939 | M352: =VLOOKUP(C352,Lcode_mapping!D:D,1,FALSE) -> SB SIGMA
A353: 145 | B353: 2 | C353: EXPSERNO | D353: 1 | E353: 1 | F353: 1 | G353: I | H353: Experiment Serial Number........ | I353: 81NOV18X_ | J353: 91NOV27X_ | K353: 519 | M353: =VLOOKUP(C353,Lcode_mapping!D:D,1,FALSE) -> EXPSERNO
A354: 146 | B354: 2 | C354: STARTSEC | D354: 1 | E354: 1 | F354: 1 | G354: R | H354: Start time in sec past hour..... | I354: 82JUN16X_ | J354: 11OCT17XA | K354: 4937 | M354: =VLOOKUP(C354,Lcode_mapping!D:D,1,FALSE) -> STARTSEC
A355: 147 | B355: 2 | C355: STOP SEC | D355: 1 | E355: 1 | F355: 1 | G355: R | H355: Stop time in sec past hour..... | I355: 82JUN16X_ | J355: 11OCT17XA | K355: 4937 | M355: =VLOOKUP(C355,Lcode_mapping!D:D,1,FALSE) -> STOP SEC
A356: 148 | B356: 2 | C356: WVR DELY | D356: 2 | E356: 2 | F356: 2 | G356: R | H356: WVR LINE OF SIGHT & ZENITH(NSEC) | I356: 82JUN16X_ | J356: 84MAY08X_ | K356: 101 | M356: =VLOOKUP(C356,Lcode_mapping!D:D,1,FALSE) -> WVR DELY
A357: 149 | B357: 2 | C357: TOTPHA_S | D357: 1 | E357: 1 | F357: 1 | G357: R | H357: S-band Total phase (in degrees) | I357: 82JUN21X_ | J357: 11OCT17XA | K357: 2121 | M357: =VLOOKUP(C357,Lcode_mapping!D:D,1,FALSE) -> TOTPHA_S
A358: 150 | B358: 2 | C358: REF FR_S | D358: 1 | E358: 1 | F358: 1 | G358: R | H358: Fr to w.phase is referred S-band | I358: 82JUN21X_ | J358: 11OCT17XA | K358: 2121 | M358: =VLOOKUP(C358,Lcode_mapping!D:D,1,FALSE) -> REF FR_S
A359: 151 | B359: 2 | C359: SNR_S | D359: 1 | E359: 1 | F359: 1 | G359: R | H359: Signal to noise ratio for S-band | I359: 82JUN21X_ | J359: 11OCT17XA | K359: 2121 | M359: =VLOOKUP(C359,Lcode_mapping!D:D,1,FALSE) -> SNR_S
A360: 152 | B360: 2 | C360: COHCOR_S | D360: 1 | E360: 1 | F360: 1 | G360: R | H360: Corr coeff (0 --> 1) for S-band | I360: 82JUN21X_ | J360: 11OCT17XA | K360: 2121 | M360: =VLOOKUP(C360,Lcode_mapping!D:D,1,FALSE) -> COHCOR_S
... A407: 199 | B407: 2 | C407: BITSAMPL | D407: 1 | E407: 1 | F407: 1 | G407: I | H407: Number of bits per sample....... | I407: 04MAY12XA | J407: 11OCT17XA | K407: 600 | M407: =VLOOKUP(C407,Lcode_mapping!D:D,1,FALSE) -> BITSAMPL
A408: >>> | C408: >>>>>Begi | G408: t | M408: =VLOOKUP(C408,Lcode_mapping!D:D,1,FALSE) -> #N/A
A409: 1 | B409: 3 | C409: REF FREQ | D409: 1 | E409: 1 | F409: 1 | G409: R | H409: FREQ to WH.PHASE is referred ... | I409: 79AUG03XX | J409: 11JUN23XF | K409: 3199 | M409: =VLOOKUP(C409,Lcode_mapping!D:D,1,FALSE) -> REF FREQ
A410: 2 | B410: 3 | C410: RATOBSVM | D410: 1 | E410: 1 | F410: 1 | G410: R | H410: OBS rate at central epoch ...... | I410: 79AUG03XX | J410: 11JUN23XF | K410: 3284 | M410: =VLOOKUP(C410,Lcode_mapping!D:D,1,FALSE) -> RATOBSVM
A411: 3 | B411: 3 | C411: INCOHAMP | D411: 1 | E411: 1 | F411: 1 | G411: R | H411: Fr. amp from incoh int of chan.. | I411: 79AUG03XX | J411: 11OCT17XA | K411: 4935 | M411: =VLOOKUP(C411,Lcode_mapping!D:D,1,FALSE) -> INCOHAMP
A412: 4 | B412: 3 | C412: SRCHPAR | D412: 6 | E412: 1 | F412: 1 | G412: R | H412: Frnge search parameters ........ | I412: 79AUG03XX | J412: 11JUN23XF | K412: 3199 | M412: =VLOOKUP(C412,Lcode_mapping!D:D,1,FALSE) -> SRCHPAR
A413: 5 | B413: 3 | C413: FALSEDET | D413: 1 | E413: 1 | F413: 1 | G413: R | H413: Prob of false det from FRNGE.... | I413: 79AUG03XX | J413: 11OCT17XA | K413: 4934 | M413: =VLOOKUP(C413,Lcode_mapping!D:D,1,FALSE) -> FALSEDET
A414: 6 | B414: 3 | C414: INCOH2 | D414: 1 | E414: 1 | F414: 1 | G414: R | H414: Incoh amp from FRNGE plot segs.. | I414: 79AUG03XX | J414: 11OCT17XA | K414: 4935 | M414: =VLOOKUP(C414,Lcode_mapping!D:D,1,FALSE) -> INCOH2
A415: 7 | B415: 3 | C415: GCRESPHS | D415: 1 | E415: 1 | F415: 1 | G415: R | H415: Resid phs corrected to cen of E. | I415: 79AUG03XX | J415: 11OCT17XA | K415: 4935 | M415: =VLOOKUP(C415,Lcode_mapping!D:D,1,FALSE) -> GCRESPHS
A416: 8 | B416: 3 | C416: STARTSEC | D416: 1 | E416: 1 | F416: 1 | G416: R | H416: Start time in sec past hour..... | I416: 79AUG03XX | J416: 82JUN07X_ | K416: 13 | M416: =VLOOKUP(C416,Lcode_mapping!D:D,1,FALSE) -> STARTSEC
A417: 9 | B417: 3 | C417: STOP SEC | D417: 1 | E417: 1 | F417: 1 | G417: R | H417: Stop time in sec past hour..... | I417: 79AUG03XX | J417: 82JUN07X_ | K417: 13 | M417: =VLOOKUP(C417,Lcode_mapping!D:D,1,FALSE) -> STOP SEC
A418: 10 | B418: 3 | C418: DELTAEPO | D418: 1 | E418: 1 | F418: 1 | G418: R | H418: Epoch offset from center of run. | I418: 79AUG03XX | J418: 11JUN23XF | K418: 3199 | M418: =VLOOKUP(C418,Lcode_mapping!D:D,1,FALSE) -> DELTAEPO
A419: 11 | B419: 3 | C419: EFF.DURA | D419: 1 | E419: 1 | F419: 1 | G419: R | H419: Effective run duration sec...... | I419: 79AUG03XX | J419: 11OCT17XA | K419: 4935 | M419: =VLOOKUP(C419,Lcode_mapping!D:D,1,FALSE) -> EFF.DURA
A420: 12 | B420: 3 | C420: QBFACTOR | D420: 1 | E420: 1 | F420: 1 | G420: R | H420: Measure of uniformity of data... | I420: 79AUG03XX | J420: 11OCT17XA | K420: 4720 | M420: =VLOOKUP(C420,Lcode_mapping!D:D,1,FALSE) -> QBFACTOR
... A473: 65 | B473: 3 | C473: FOURFFIL | D473: 8 | E473: 1 | F473: 1 | G473: A | H473: Fourfit output filename......... | I473: 97DEC03XN | J473: 11OCT17XA | K473: 1651 | M473: =VLOOKUP(C473,Lcode_mapping!D:D,1,FALSE) -> FOURFFIL

Sheet Called from SDBH
A1: CALL GET_STRING( | B1: CORPLACE | C1: CORRELATOR_NAME | E1: =VLOOKUP(B1,#REF!,1,FALSE) -> #REF!
A2: CALL GET_STRING( | B2: CORRTYPE | C2: STR | E2: =VLOOKUP(B2,#REF!,1,FALSE) -> #REF!
A3: CALL GET_STRING( | B3: CROOTFIL | C3: FRINGE_ROOT_FINAM | E3: =VLOOKUP(B3,#REF!,1,FALSE) -> #REF!
A4: CALL GET_STRING( | B4: EOPSCALE | C4: EOP_TS_CALC | E4: =VLOOKUP(B4,#REF!,1,FALSE) -> #REF!
A5: CALL GET_STRING( | B5: ERROR BL | C5: NAMES4ERRORS_HOLD | E5: =VLOOKUP(B5,#REF!,1,FALSE) -> #REF!
A6: CALL GET_STRING( | B6: EXPCODE | C6: STR | E6: =VLOOKUP(B6,#REF!,1,FALSE) -> #REF!
A7: CALL GET_STRING( | B7: EXPDESC | C7: STR | E7: =VLOOKUP(B7,#REF!,1,FALSE) -> #REF!
A8: CALL GET_STRING( | B8: FOURFFIL | C8: FRINGE_X_FINAM | E8: =VLOOKUP(B8,#REF!,1,FALSE) -> #REF!
A9: CALL GET_STRING( | B9: FOURFFXS | C9: FRINGE_S_FINAM | E9: =VLOOKUP(B9,#REF!,1,FALSE) -> #REF!
A10: CALL GET_STRING( | B10: MCALNAMS | C10: MCALNAMS | E10: =VLOOKUP(B10,#REF!,1,FALSE) -> #REF!
A11: CALL GET_STRING( | B11: PI NAME | C11: PI_NAME | E11: =VLOOKUP(B11,#REF!,1,FALSE) -> #REF!
A12: CALL GET_STRING( | B12: RECMODE | C12: REC_MODE | E12: =VLOOKUP(B12,#REF!,1,FALSE) -> #REF!
... A183: CALL GETR(C_EPOCH | B183: CLCKEP | C183: FCLEP | E183: =VLOOKUP(B183,#REF!,1,FALSE) -> #REF!
B184: Lcode Name | C184: Variable

Sheet Pivex_Reject
C2: TOC | D2: ======== | E2: ===== | F2: ===== | G2: === | H2: toc | I2: 1 ====== | J2: ====================================
C3: 1 | D3: ETD DATA | E3: 3 | F3: 1 | G3: 1 | H3: R | I3: 1 | J3: Earth tide module data (la.,h,l) | K3: Delete
C4: 1 | D4: PRE DATA | E4: 1 | F4: 1 | G4: 1 | H4: R | I4: 1 | J4: Precession constant (asec/cent). | K4: Delete
C5: 1 | D5: REL DATA | E5: 1 | F5: 1 | G5: 1 | H5: R | I5: 1 | J5: Relativity mod data (gamma). | K5: Delete
C6: 1 | D6: PI | E6: 1 | F6: 1 | G6: 1 | H6: R | I6: 1 | J6: Pi - to 17 digits accuracy. | K6: Delete
C7: 1 | D7: HALF PI | E7: 1 | F7: 1 | G7: 1 | H7: R | I7: 1 | J7: Half pi - to 17 digits accuracy. | K7: Delete
C8: 1 | D8: RAD/DEG | E8: 1 | F8: 1 | G8: 1 | H8: R | I8: 1 | J8: Number of radians per degree. | K8: Delete
C9: 1 | D9: VLIGHT | E9: 1 | F9: 1 | G9: 1 | H9: R | I9: 1 | J9: The speed of light (m/sec). | K9: Delete
C10: 1 | D10: GAUSS | E10: 1 | F10: 1 | G10: 1 | H10: R | I10: 1 | J10: Gauss's constant (rad). | K10: Delete
C11: 1 | D11: ACCELGRV | E11: 1 | F11: 1 | G11: 1 | H11: R | I11: 1 | J11: Accel grav at erth surface m/s^2 | K11: Delete
C12: 1 | D12: GMSUN | E12: 1 | F12: 1 | G12: 1 | H12: R | I12: 1 | J12: GM of the Sun (m^3/sec^2). | K12: Delete
C13: 1 | D13: GMEARTH | E13: 1 | F13: 1 | G13: 1 | H13: R | I13: 1 | J13: GM of the Earth (m^3/sec^2). | K13: Delete
C14: 1 | D14: GMMOON | E14: 1 | F14: 1 | G14: 1 | H14: R | I14: 1 | J14: GM of the Moon (m^3/sec^2). | K14: Delete
... C209: 1 | D209: HISTRY^C | E209: 40 | F209: 1 | G209: 1 | H209: A | I209: 1 | J209: HISTORY | K209: Delete
D211: ======== | E211: ===== | F211: ===== | G211: === | H211: ==== | I211: == toc 2 | J211: ====================================== | K211: R
C212: 2 | D212: NDRYPART | E212: 2 | F212: 2 | G212: 1 | H212: R | I212: 2 | J212: Nhmf2 dry partial deriv. def. | K212: Delete
C213: 2 | D213: NWETPART | E213: 2 | F213: 2 | G213: 1 | H213: R | I213: 2 | J213: Whmf2 wet partial deriv. def. | K213: Delete
C214: 2 | D214: NDRYCONT | E214: 2 | F214: 2 | G214: 1 | H214: R | I214: 2 | J214: Nhmf (dry) atm. contribution | K214: Delete
C215: 2 | D215: NWETCONT | E215: 2 | F215: 2 | G215: 1 | H215: R | I215: 2 | J215: Whmf (wet) atm. contribution | K215: Delete
C216: 2 | D216: NGRADPAR | E216: 2 | F216: 2 | G216: 2 | H216: R | I216: 2 | J216: Niell dry atm. gradient partials | K216: Delete
C217: 2 | D217: UNPHASCL | E217: 2 | F217: 2 | G217: 1 | H217: R | I217: 3 | J217: UnPhaseCal effect - group&rate | K217: Delete
C218: 2 | D218: UNPHAFLG | E218: 2 | F218: 2 | G218: 1 | H218: I | I218: 3 | J218: UnPhaseCal flag | K218: Delete
C219: 2 | D219: ION_BITS | E219: 1 | F219: 1 | G219: 1 | H219: I | I219: 4 | J219: ICORR for full ion tracking. | K219: Delete
C220: 2 | D220: UACSUP | E220: 1 | F220: 1 | G220: 1 | H220: I | I220: 4 | J220: User action for suppression | K220: Delete
C221: 2 | D221: EL-THEO | E221: 2 | F221: 2 | G221: 1 | H221: R | I221: 2 | J221: Elevation array definition | K221: Delete
C222: 2 | D222: AZ-THEO | E222: 2 | F222: 2 | G222: 1 | H222: R | I222: 2 | J222: Azimuth array definition | K222: Delete
C223: 2 | D223: AXO PART | E223: 2 | F223: 2 | G223: 1 | H223: R | I223: 2 | J223: Axis Offset partial deriv. def. | K223: Delete
... C334: 3 | D334: OCCUPNUM | E334: 4 | F334: 2 | G334: 1 | H334: A | I334: 1 | J334: Site Occupation Number | K334: Delete

Sheet Pivex_all
K1: Pivex | N1: 10 | O1: 11 | P1: 12 | Q1: 13 | R1: 13 | S1: 13 | T1: 13 | U1: 13 | V1: 13
N2: GSFC
B3: TOC | C3: Name | D3: Dimensions | G3: Type | H3: Added | I3: Descriptor | J3: Type | K3: Status | M3: Check | N3: Use | O3: Keep | P3: Westford | R3: NGS Cards | T3: Pivex | U3: Hobiger | V3: Questions/Comments
A4: 1 | B4: 1 | C4: APLENGTH | D4: 1 | E4: 1 | F4: 1 | G4: R | H4: 1 | I4: Length of accumul. period in sec | J4: Session | K4: Keep | M4: APLENGTH | N4: Y | O4: Y | Q4: 0 | R4: 0 | S4: 0 | T4: 0 | U4: 0 | V4: 0
A5: 2 | B5: 1 | C5: EXPSERNO | D5: 1 | E5: 1 | F5: 1 | G5: I | H5: 1 | I5: Experiment Serial Number | J5: Session | K5: Keep | M5: EXPSERNO | N5: Y | O5: Y | Q5: 0 | R5: 0 | S5: 0 | T5: 0 | U5: 0 | V5: 0
A6: 3 | B6: 1 | C6: NLAGS | D6: 1 | E6: 1 | F6: 1 | G6: I | H6: 1 | I6: Num of lags used for correlation | J6: Session | K6: Keep | M6: NLAGS | O6: - | Q6: 0 | R6: 0 | S6: 0 | T6: 0 | U6: 0 | V6: 0
A7: 4 | B7: 1 | C7: # SITES | D7: 1 | E7: 1 | F7: 1 | G7: I | H7: 1 | I7: Number of sites. | J7: Session | K7: Keep | M7: # SITES | N7: Y | O7: Y | Q7: 0 | R7: 0 | S7: 0 | T7: 0 | U7: 0 | V7: 0
A8: 5 | B8: 1 | C8: # STARS | D8: 1 | E8: 1 | F8: 1 | G8: I | H8: 1 | I8: Number of radio sources | J8: Session | K8: Keep | M8: # STARS | N8: Y | O8: Y | Q8: 0 | R8: 0 | S8: 0 | T8: 0 | U8: 0 | V8: 0
A9: 6 | B9: 1 | C9: NUMB OBS | D9: 1 | E9: 1 | F9: 1 | G9: I | H9: 4 | I9: Number of observations in file | J9: Session | K9: Keep | M9: NUMB OBS | N9: Y | O9: Y | Q9: 0 | R9: 0 | S9: 0 | T9: 0 | U9: 0 | V9: 0
A10: 7 | B10: 1 | C10: INTERVAL | D10: 5 | E10: 2 | F10: 1 | G10: I | H10: 1 | I10: First,last UTC tag in input file | J10: Session | K10: Keep | M10: INTERVAL | N10: Y | O10: - | Q10: 0 | R10: 0 | S10: 0 | T10: 0 | U10: 0 | V10: 0
A11: 8 | B11: 1 | C11: CORPLACE | D11: 16 | E11: 1 | F11: 1 | G11: A | H11: 1 | I11: Correlator name | J11: Session | K11: Keep | M11: CORPLACE | N11: Y | O11: Y | Q11: 0 | R11: 0 | S11: 0 | T11: 0 | U11: 0 | V11: 0
A12: 9 | B12: 1 | C12: CORRTYPE | D12: 4 | E12: 1 | F12: 1 | G12: A | H12: 1 | I12: Correlator type: MK3/MK4/K4 etc | J12: Session | K12: Keep | M12: CORRTYPE | N12: Y | O12: - | Q12: 0 | R12: 0 | S12: 0 | T12: 0 | U12: 0 | V12: 0
A13: 10 | B13: 1 | C13: EXPCODE | D13: 16 | E13: 1 | F13: 1 | G13: A | H13: 1 | I13: Experiment name | J13: Session | K13: Keep | M13: EXPCODE | N13: Y | O13: Y | Q13: 0 | R13: 0 | S13: 0 | T13: 0 | U13: 0 | V13: 0
A14: 11 | B14: 1 | C14: FOURF CF | D14: 48 | E14: 1 | F14: 1 | G14: A | H14: 1 | I14: Control file name for fourfit | J14: Session | K14: Keep | M14: FOURF CF | O14: - | Q14: 0 | R14: 0 | S14: 0 | T14: 0 | U14: 0 | V14: 0
A15: 12 | B15: 1 | C15: FOURF CS | D15: 64 | E15: 1 | F15: 1 | G15: A | H15: 1 | I15: Command string used for fourfit | J15: Session | K15: Keep | M15: FOURF CS | O15: - | Q15: 0 | R15: 0 | S15: 0 | T15: 0 | U15: 0 | V15: 0
A16: 13 | B16: 1 | C16: PI NAME | D16: 40 | E16: 1 | F16: 1 | G16: A | H16: 1 | I16: Agency/contact_person/PI name | J16: Session | K16: Keep | M16: PI NAME | N16: Y | O16: Y | Q16: 0 | R16: 0 | S16: 0 | T16: 0 | U16: 0 | V16: 0
A17: 14 | B17: 1 | C17: RECMODE | D17: 40 | E17: 1 | F17: 1 | G17: A | H17: 1 | I17: Recoding mode | J17: Session | K17: Keep | M17: RECMODE | N17: Y | O17: - | Q17: 0 | R17: 0 | S17: 0 | T17: 0 | U17: 0 | V17: 0
A18: 15 | B18: 1 | C18: SITNAMES | D18: 4 | E18: 2 | F18: 1 | G18: A | H18: 1 | I18: Site names array | J18: Session | K18: Keep | M18: SITNAMES | N18: Y | O18: Y | Q18: 0 | R18: 0 | S18: 0 | T18: 0 | U18: 0 | V18: 0
A19: 16 | B19: 1-New | C19: DOMESNR | G19: A | I19: Domes number array | J19: Session | K19: Keep | M19: DOMESNR | N19: 0 | O19: 0 | Q19: 0 | R19: 0 | S19: 0 | T19: 0 | U19: 0 | V19: 0
A20: 17 | B20: 1 | C20: STRNAMES | D20: 4 | E20: 14 | F20: 1 | G20: A | H20: 1 | I20: Source names array | J20: Session | K20: Keep | M20: STRNAMES | N20: Y | O20: Y | Q20: 0 | R20: 0 | S20: 0 | T20: 0 | U20: 0 | V20: 0
A21: 18 | B21: 1-New | C21: IERSDES | G21: A | I21: IERZS Designation array | J21: Session | K21: Keep | M21: IERSDES | N21: 0 | O21: 0 | Q21: 0 | R21: 0 | S21: 0 | T21: 0 | U21: 0 | V21: 0
A22: 19 | B22: 3 | C22: CORELVER | D22: 1 | E22: 1 | F22: 1 | G22: I | H22: 1 | I22: Correlator software version numb | J22: Session | K22: Keep | M22: CORELVER | O22: - | Q22: 0 | R22: 0 | S22: 0 | T22: 0 | U22: 0 | V22: 0
A23: 20 | B23: 3 | C23: DBEDITVE | D23: 3 | E23: 1 | F23: 1 | G23: I | H23: 1 | I23: Dbedit revision date YYYY MM DD | J23: Session | K23: Keep | M23: DBEDITVE | O23: - | Q23: 0 | R23: 0 | S23: 0 | T23: 0 | U23: 0 | V23: 0
A24: 21 | B24: 3 | C24: FOURFVER | D24: 2 | E24: 1 | F24: 1 | G24: I | H24: 1 | I24: Fourfit version number | J24: Session | K24: Keep | M24: FOURFVER | O24: - | Q24: 0 | R24: 0 | S24: 0 | T24: 0 | U24: 0 | V24: 0
A25: 22 | B25: 2 | C25: UTC TAG | D25: 5 | E25: 1 | F25: 1 | G25: I | H25: 1 | I25: Epoch UTC YMDHM. | J25: Scan | K25: Keep | M25: UTC TAG | N25: Y | O25: - | Q25: 0 | R25: 0 | S25: 0 | T25: 0 | U25: 0 | V25: 0
A26: 23 | B26: 2 | C26: SCANNAME | D26: 5 | E26: 1 | F26: 1 | G26: A | H26: 1 | I26: Scan name | J26: Scan | K26: Keep | M26: SCANNAME | N26: Y | O26: - | Q26: 0 | R26: 0 | S26: 0 | T26: 0 | U26: 0 | V26: 0
A27: 24 | B27: 2 | C27: STAR ID | D27: 4 | E27: 1 | F27: 1 | G27: A | H27: 1 | I27: Radio source name | J27: Scan | K27: Keep | M27: STAR ID | N27: Y | O27: - | Q27: 0 | R27: 0 | S27: 0 | T27: 0 | U27: 0 | V27: 0
A28: 25 | B28: 3 | C28: SCAN UTC | D28: 6 | E28: 1 | F28: 1 | G28: I | H28: 1 | I28: Nominal scan time YMDHMS | J28: Scan | K28: Keep | M28: SCAN UTC | O28: - | Q28: 0 | R28: 0 | S28: 0 | T28: 0 | U28: 0 | V28: 0
A29: 26 | B29: 2 | C29: LO FREQ | D29: 2 | E29: 16 | F29: 1 | G29: R | H29: 1 | I29: LO frequencies per cha/sta MHz | J29: Station | K29: Keep | M29: LO FREQ | O29: - | Q29: 0 | R29: 0 | S29: 0 | T29: 0 | U29: 0 | V29: 0
A30: 27 | B30: 2 | C30: PHASECAL | D30: 2 | E30: 1 | F30: 1 | G30: R | H30: 1 | I30: PC rate by sta ( us per s) | J30: Station | K30: Keep | M30: PHASECAL | O30: - | Q30: 0 | R30: 0 | S30: 0 | T30: 0 | U30: 0 | V30: 0
A31: 28 | B31: 2 | C31: PARANGLE | D31: 2 | E31: 1 | F31: 1 | G31: R | H31: 2 | I31: Feedhorn rot. angle, ref and rem | J31: Station | K31: Keep | M31: PARANGLE | N31: Y | O31: - | Q31: 0 | R31: 0 | S31: 0 | T31: 0 | U31: 0 | V31: 0
A32: 29 | B32: 2 | C32: TEMP C | D32: 2 | E32: 2 | F32: 1 | G32: R | H32: 3 | I32: Temp in C at local WX station | J32: Station | K32: Keep | M32: TEMP C | N32: Y | O32: - | Q32: 0 | R32: 0 | S32: 0 | T32: 0 | U32: 0 | V32: 0
A33: 30 | B33: 2 | C33: ATM PRES | D33: 2 | E33: 2 | F33: 1 | G33: R | H33: 3 | I33: Pressure in mb at site | J33: Station | K33: Keep | M33: ATM PRES | N33: Y | O33: - | Q33: 0 | R33: 0 | S33: 0 | T33: 0 | U33: 0 | V33: 0
A34: 31 | B34: 2 | C34: REL.HUM. | D34: 2 | E34: 2 | F34: 1 | G34: R | H34: 3 | I34: Rel.Hum. at local WX st (50%=.5) | J34: Station | K34: Keep | M34: REL.HUM. | N34: Y | O34: - | Q34: 0 | R34: 0 | S34: 0 | T34: 0 | U34: 0 | V34: 0
A35: 32 | B35: 2 | C35: CABL DEL | D35: 2 | E35: 2 | F35: 1 | G35: R | H35: 3 | I35: Cable calibration data | J35: Station | K35: Keep | M35: CABL DEL | O35: - | Q35: 0 | R35: 0 | S35: 0 | T35: 0 | U35: 0 | V35: 0
A36: 33 | B36: 2 | C36: BBC IND | D36: 2 | E36: 16 | F36: 1 | G36: I | H36: 1 | I36: Physical BBC number by channel | J36: Station | K36: Keep | M36: BBC IND | O36: - | Q36: 0 | R36: 0 | S36: 0 | T36: 0 | U36: 0 | V36: 0
A37: 34 | B37: 2 | C37: CALBYFRQ | D37: 3 | E37: 2 | F37: 16 | G37: I | H37: 1 | I37: PC amp,phs,frq by sta,channel | J37: Station | K37: Keep | M37: CALBYFRQ | N37: Y | O37: - | Q37: 0 | R37: 0 | S37: 0 | T37: 0 | U37: 0 | V37: 0
A38: 35 | B38: 2 | C38: POLARIZ | D38: 2 | E38: 16 | F38: 1 | G38: A | H38: 1 | I38: Polarization per sta/chan R/L | J38: Station | K38: Keep | M38: POLARIZ | N38: Y | O38: - | Q38: 0 | R38: 0 | S38: 0 | T38: 0 | U38: 0 | V38: 0
A39: 36 | B39: 3 | C39: CORCLOCK | D39: 2 | E39: 2 | F39: 1 | G39: R | H39: 1 | I39: Clock offset(sec)/rate(sec/sec) | J39: Station | K39: Keep | M39: CORCLOCK | O39: - | Q39: 0 | R39: 0 | S39: 0 | T39: 0 | U39: 0 | V39: 0
A40: 37 | B40: 3 | C40: DISCARD | D40: 1 | E40: 1 | F40: 1 | G40: R | H40: 1 | I40: Percent data discarded by FRNGE | J40: Station | K40: Keep | M40: DISCARD | O40: - | Q40: 0 | R40: 0 | S40: 0 | T40: 0 | U40: 0 | V40: 0
A41: 38 | B41: 3 | C41: EFF.DURA | D41: 1 | E41: 1 | F41: 1 | G41: R | H41: 1 | I41: Effective run duration sec | J41: Station | K41: Keep | M41: EFF.DURA | O41: - | Q41: 0 | R41: 0 | S41: 0 | T41: 0 | U41: 0 | V41: 0
A42: 39 | B42: 3 | C42: FALSEDET | D42: 1 | E42: 1 | F42: 1 | G42: R | H42: 1 | I42: Prob of false det from FRNGE | J42: Station | K42: Keep | M42: FALSEDET | O42: - | Q42: 0 | R42: 0 | S42: 0 | T42: 0 | U42: 0 | V42: 0
A43: 40 | B43: 3 | C43: GC MBD | D43: 1 | E43: 1 | F43: 1 | G43: R | H43: 1 | I43: Tot geocenter group delay (sec) | J43: Station | K43: Keep | M43: GC MBD | O43: - | Q43: 0 | R43: 0 | S43: 0 | T43: 0 | U43: 0 | V43: 0
A44: 41 | B44: 3 | C44: GC RATE | D44: 1 | E44: 1 | F44: 1 | G44: R | H44: 1 | I44: Tot geocenter delay rate (s/s) | J44: Station | K44: Keep | M44: GC RATE | O44: - | Q44: 0 | R44: 0 | S44: 0 | T44: 0 | U44: 0 | V44: 0
A45: 42 | B45: 3 | C45: GC SBD | D45: 1 | E45: 1 | F45: 1 | G45: R | H45: 1 | I45: Tot geocenter sbd delay (sec) | J45: Station | K45: Keep | M45: GC SBD | O45: - | Q45: 0 | R45: 0 | S45: 0 | T45: 0 | U45: 0 | V45: 0
A46: 43 | B46: 3 | C46: GCRESPHS | D46: 1 | E46: 1 | F46: 1 | G46: R | H46: 1 | I46: Resid phs corrected to cen of E. | J46: Station | K46: Keep | M46: GCRESPHS | O46: - | Q46: 0 | R46: 0 | S46: 0 | T46: 0 | U46: 0 | V46: 0
A47: 44 | B47: 3 | C47: REFCLKER | D47: 1 | E47: 1 | F47: 1 | G47: R | H47: 1 | I47: Ref sta clock epoch microsec | J47: Station | K47: Keep | M47: REFCLKER | O47: - | Q47: 0 | R47: 0 | S47: 0 | T47: 0 | U47: 0 | V47: 0
A48: 45 | B48: 3 | C48: STARELEV | D48: 2 | E48: 1 | F48: 1 | G48: R | H48: 1 | I48: Elev angles calc by COREL | J48: Station | K48: Keep | M48: STARELEV | O48: - | Q48: 0 | R48: 0 | S48: 0 | T48: 0 | U48: 0 | V48: 0
A49: 46 | B49: 3 | C49: ZDELAY | D49: 2 | E49: 1 | F49: 1 | G49: R | H49: 1 | I49: Corel zenith atmos. delay (sec) | J49: Station | K49: Keep | M49: ZDELAY | O49: - | Q49: 0 | R49: 0 | S49: 0 | T49: 0 | U49: 0 | V49: 0
A50: 47 | B50: 3 | C50: ERRORATE | D50: 2 | E50: 2 | F50: 16 | G50: I | H50: 1 | I50: Log err rate by sta, sb, channel | J50: Station | K50: Keep | M50: ERRORATE | O50: - | Q50: 0 | R50: 0 | S50: 0 | T50: 0 | U50: 0 | V50: 0
... A54: 51 | B54: 2 | C54: STOP SEC | D54: 1 | E54: 1 | F54: 1 | G54: R | H54: 1 | I54: Stop time in sec past hour | J54: obs | K54: Keep | M54: STOP SEC | O54: - | Q54: 0 | R54: 0 | S54: 0 | T54: 0 | U54: 0 | V54: 0
A55: 52 | B55: 2 | C55: AMPBYFRQ | D55: 2 | E55: 16 | F55: 1 | G55: R | H55: 1 | I55: Amp(0-1), phs by chan(-180to180) | J55: obs | K55: Keep | M55: AMPBYFRQ | N55: Y | O55: - | Q55: 0 | R55: 0 | S55: 0 | T55: 0 | U55: 0 | V55: 0
A56: 53 | B56: 2 | C56: COHERCOR | D56: 1 | E56: 1 | F56: 1 | G56: R | H56: 1 | I56: Corr coeff (0 --> 1) | J56: obs | K56: Keep | M56: COHERCOR | N56: Y | O56: - | Q56: 0 | R56: 0 | S56: 0 | T56: 0 | U56: 0 | V56: 0
A57: 54 | B57: 2 | C57: DEL OBSV | D57: 2 | E57: 1 | F57: 1 | G57: R | H57: 1 | I57: Observed delay us in 2 parts | J57: obs | K57: Keep | M57: DEL OBSV | N57: Y | O57: Y | Q57: 0 | R57: 0 | S57: 0 | T57: 0 | U57: 0 | V57: 0
A58: 55 | B58: 2 | C58: DELRESID | D58: 1 | E58: 1 | F58: 1 | G58: R | H58: 1 | I58: Delay residual (sec) | J58: obs | K58: Keep | M58: DELRESID | O58: - | Q58: 0 | R58: 0 | S58: 0 | T58: 0 | U58: 0 | V58: 0
A59: 56 | B59: 2 | C59: DELSIGMA | D59: 1 | E59: 1 | F59: 1 | G59: R | H59: 1 | I59: Delay err (sec) | J59: obs | K59: Keep | M59: DELSIGMA | N59: Y | O59: y | Q59: 0 | R59: 0 | S59: 0 | T59: 0 | U59: 0 | V59: 0
A60: 57 | B60: 2 | C60: GC PHASE | D60: 1 | E60: 1 | F60: 1 | G60: R | H60: 1 | I60: Tot phase ref to cen of Earth | J60: obs | K60: Keep | M60: GC PHASE | O60: - | Q60: 0 | R60: 0 | S60: 0 | T60: 0 | U60: 0 | V60: 0
A61: 58 | B61: 2 | C61: GPDLAMBG | D61: 1 | E61: 1 | F61: 1 | G61: R | H61: 4 | I61: Group delay ambiguity (sec) | J61: obs | K61: Keep | M61: GPDLAMBG | N61: Y | O61: y | Q61: 0 | R61: 0 | S61: 0 | T61: 0 | U61: 0 | V61: 0
A62: 59 | B62: 2 | C62: RAT OBSV | D62: 1 | E62: 1 | F62: 1 | G62: R | H62: 1 | I62: Observd delay rate (sec per sec) | J62: obs | K62: Keep | M62: RAT OBSV | N62: Y | O62: y | Q62: 0 | R62: 0 | S62: 0 | T62: 0 | U62: 0 | V62: 0
A63: 60 | B63: 2 | C63: RATRESID | D63: 1 | E63: 1 | F63: 1 | G63: R | H63: 1 | I63: Rate resid (sec per sec) | J63: obs | K63: Keep | M63: RATRESID | O63: y | Q63: 0 | R63: 0 | S63: 0 | T63: 0 | U63: 0 | V63: 0
A64: 61 | B64: 2 | C64: RATSIGMA | D64: 1 | E64: 1 | F64: 1 | G64: R | H64: 1 | I64: Rate formal error(sec per sec) | J64: obs | K64: Keep | M64: RATSIGMA | N64: Y | O64: y | Q64: 0 | R64: 0 | S64: 0 | T64: 0 | U64: 0 | V64: 0
A65: 62 | B65: 2 | C65: REF FREQ | D65: 1 | E65: 1 | F65: 1 | G65: R | H65: 1 | I65: Freq to which phase is referred | J65: obs | K65: Keep | M65: REF FREQ | N65: Y | O65: - | Q65: 0 | R65: 0 | S65: 0 | T65: 0 | U65: 0 | V65: 0
A66: 63 | B66: 2 | C66: RFREQ | D66: 16 | E66: 1 | F66: 1 | G66: R | H66: 1 | I66: RF freq by channel (MHz) | J66: obs | K66: Keep | M66: RFREQ | N66: Y | O66: - | Q66: 0 | R66: 0 | S66: 0 | T66: 0 | U66: 0 | V66: 0
A67: 64 | B67: 2 | C67: SB DELAY | D67: 1 | E67: 1 | F67: 1 | G67: R | H67: 1 | I67: Single band delay (microsec) | J67: obs | K67: Keep | M67: SB DELAY | N67: Y | O67: - | Q67: 0 | R67: 0 | S67: 0 | T67: 0 | U67: 0 | V67: 0
A68: 65 | B68: 2 | C68: SB SIGMA | D68: 1 | E68: 1 | F68: 1 | G68: R | H68: 1 | I68: SB delay error microseconds | J68: obs | K68: Keep | M68: SB SIGMA | N68: Y | O68: - | Q68: 0 | R68: 0 | S68: 0 | T68: 0 | U68: 0 | V68: 0
A69: 66 | B69: 2 | C69: SBRESID | D69: 1 | E69: 1 | F69: 1 | G69: R | H69: 1 | I69: Single band delay residual | J69: obs | K69: Keep | M69: SBRESID | O69: - | Q69: 0 | R69: 0 | S69: 0 | T69: 0 | U69: 0 | V69: 0
A70: 67 | B70: 2 | C70: SEC TAG | D70: 1 | E70: 1 | F70: 1 | G70: R | H70: 1 | I70: Seconds part of UTC TAG. | J70: obs | K70: Keep | M70: SEC TAG | N70: Y | O70: Y | Q70: 0 | R70: 0 | S70: 0 | T70: 0 | U70: 0 | V70: 0
A71: 68 | B71: 2 | C71: SNRATIO | D71: 1 | E71: 1 | F71: 1 | G71: R | H71: 1 | I71: Signal to noise ratio | J71: obs | K71: Keep | M71: SNRATIO | N71: Y | O71: Y | Q71: 0 | R71: 0 | S71: 0 | T71: 0 | U71: 0 | V71: 0
A72: 69 | B72: 2 | C72: TOTPHASE | D72: 1 | E72: 1 | F72: 1 | G72: R | H72: 1 | I72: Total phase degrees mod 360 | J72: obs | K72: Keep | M72: TOTPHASE | N72: Y | O72: - | Q72: 0 | R72: 0 | S72: 0 | T72: 0 | U72: 0 | V72: 0
A73: 70 | B73: 2 | C73: ION CORR | D73: 2 | E73: 1 | F73: 1 | G73: R | H73: 4 | I73: Ion correction. Add to theo. sec | J73: obs | K73: Keep | M73: ION CORR | O73: - | Q73: 0 | R73: 0 | S73: 0 | T73: 0 | U73: 0 | V73: 0
A74: 71 | B74: 2 | C74: IONRMS | D74: 2 | E74: 1 | F74: 1 | G74: R | H74: 4 | I74: Ion correction to sigma. sec | J74: obs | K74: Keep | M74: IONRMS | O74: - | Q74: 0 | R74: 0 | S74: 0 | T74: 0 | U74: 0 | V74: 0
A75: 72 | B75: 2 | C75: DELUFLAG | D75: 1 | E75: 1 | F75: 1 | G75: I | H75: 4 | I75: Delay unweight flag | J75: obs | K75: Keep | M75: DELUFLAG | N75: Y | O75: - | Q75: 0 | R75: 0 | S75: 0 | T75: 0 | U75: 0 | V75: 0
A76: 73 | B76: 2 | C76: NO.OF AP | D76: 2 | E76: 16 | F76: 1 | G76: I | H76: 1 | I76: # of AP by sideband and channel | J76: obs | K76: Keep | M76: NO.OF AP | N76: Y | O76: - | Q76: 0 | R76: 0 | S76: 0 | T76: 0 | U76: 0 | V76: 0
A77: 74 | B77: 2 | C77: RATUFLAG | D77: 1 | E77: 1 | F77: 1 | G77: I | H77: 1 | I77: Delay rate unweight flag | J77: obs | K77: Keep | M77: RATUFLAG | O77: - | Q77: 0 | R77: 0 | S77: 0 | T77: 0 | U77: 0 | V77: 0
A78: 75 | B78: 2 | C78: # AMBIG | D78: 1 | E78: 1 | F78: 1 | G78: I | H78: 4 | I78: No. of ambiguities | J78: obs | K78: Keep | M78: # AMBIG | N78: Y | O78: - | Q78: 0 | R78: 0 | S78: 0 | T78: 0 | U78: 0 | V78: 0
A79: 76 | B79: 2 | C79: ION CODE | D79: 1 | E79: 1 | F79: 1 | G79: I | H79: 4 | I79: Ion corr code. -1=no good, 0=OK | J79: obs | K79: Keep | M79: ION CODE | N79: Y | O79: - | Q79: 0 | R79: 0 | S79: 0 | T79: 0 | U79: 0 | V79: 0
A80: 77 | B80: 2 | C80: BASELINE | D80: 4 | E80: 2 | F80: 1 | G80: A | H80: 1 | I80: Ref and rem site names. | J80: obs | K80: Keep | M80: BASELINE | N80: Y | O80: - | Q80: 0 | R80: 0 | S80: 0 | T80: 0 | U80: 0 | V80: 0
A81: 78 | B81: 2 | C81: QUALCODE | D81: 1 | E81: 1 | F81: 1 | G81: A | H81: 1 | I81: FRNGE quality index 0 --> 9 | J81: obs | K81: Keep | M81: QUALCODE | N81: Y | O81: - | Q81: 0 | R81: 0 | S81: 0 | T81: 0 | U81: 0 | V81: 0
A82: 79 | B82: 2 | C82: GRIONFRQ | D82: 1 | E82: 1 | F82: 1 | G82: R | H82: 5 | I82: Effective ion.frq for gr.del MHz | J82: obs | K82: Keep | M82: GRIONFRQ | O82: - | Q82: 0 | R82: 0 | S82: 0 | T82: 0 | U82: 0 | V82: 0
A83: 80 | B83: 2 | C83: PHIONFRQ | D83: 1 | E83: 1 | F83: 1 | G83: R | H83: 5 | I83: Effective ion.frq for ph.del MHz | J83: obs | K83: Keep | M83: PHIONFRQ | O83: - | Q83: 0 | R83: 0 | S83: 0 | T83: 0 | U83: 0 | V83: 0
A84: 81 | B84: 3 | C84: ABASACCE | D84: 1 | E84: 1 | F84: 1 | G84: R | H84: 1 | I84: Corel bas/apr accel (1/sec**2) | J84: obs | K84: Keep | M84: ABASACCE | O84: - | Q84: 0 | R84: 0 | S84: 0 | T84: 0 | U84: 0 | V84: 0
A85: 82 | B85: 3 | C85: ABASDEL | D85: 1 | E85: 1 | F85: 1 | G85: R | H85: 1 | I85: Corel bas/apr delay (sec) | J85: obs | K85: Keep | M85: ABASDEL | O85: - | Q85: 0 | R85: 0 | S85: 0 | T85: 0 | U85: 0 | V85: 0
A86: 83 | B86: 3 | C86: ABASRATE | D86: 1 | E86: 1 | F86: 1 | G86: R | H86: 1 | I86: Corel bas/apr delay rate (s/s) | J86: obs | K86: Keep | M86: ABASRATE | O86: - | Q86: 0 | R86: 0 | S86: 0 | T86: 0 | U86: 0 | V86: 0
A87: 84 | B87: 3 | C87: INCOH2 | D87: 1 | E87: 1 | F87: 1 | G87: R | H87: 1 | I87: Incoh amp from FRNGE plot segs | J87: obs | K87: Keep | M87: INCOH2 | O87: - | Q87: 0 | R87: 0 | S87: 0 | T87: 0 | U87: 0 | V87: 0
A88: 85 | B88: 3 | C88: INCOHAMP | D88: 1 | E88: 1 | F88: 1 | G88: R | H88: 1 | I88: Fr. amp from incoh int of chan | J88: obs | K88: Keep | M88: INCOHAMP | O88: - | Q88: 0 | R88: 0 | S88: 0 | T88: 0 | U88: 0 | V88: 0
A89: 86 | B89: 3 | C89: QBFACTOR | D89: 1 | E89: 1 | F89: 1 | G89: R | H89: 1 | I89: Measure of uniformity of data | J89: obs | K89: Keep | M89: QBFACTOR | O89: - | Q89: 0 | R89: 0 | S89: 0 | T89: 0 | U89: 0 | V89: 0
A90: 87 | B90: 3 | C90: CORR UTC | D90: 6 | E90: 1 | F90: 1 | G90: I | H90: 1 | I90: UTC time tag of correlation | J90: obs | K90: Keep | M90: CORR UTC | O90: - | Q90: 0 | R90: 0 | S90: 0 | T90: 0 | U90: 0 | V90: 0
A91: 88 | B91: 3 | C91: FOURFUTC | D91: 6 | E91: 1 | F91: 1 | G91: I | H91: 1 | I91: Fourfit processing time YMDHMS | J91: obs | K91: Keep | M91: FOURFUTC | O91: - | Q91: 0 | R91: 0 | S91: 0 | T91: 0 | U91: 0 | V91: 0
A92: 89 | B92: 3 | C92: CORBASCD | D92: 1 | E92: 1 | F92: 1 | G92: A | H92: 1 | I92: Correlator baseline code (2 ch) | J92: obs | K92: Keep | M92: CORBASCD | O92: - | Q92: 0 | R92: 0 | S92: 0 | T92: 0 | U92: 0 | V92: 0
A93: 90 | B93: 3 | C93: CROOTFIL | D93: 8 | E93: 1 | F93: 1 | G93: A | H93: 1 | I93: Correlator root file name | J93: obs | K93: Keep | M93: CROOTFIL | N93: Y | O93: - | Q93: 0 | R93: 0 | S93: 0 | T93: 0 | U93: 0 | V93: 0
A94: 91 | B94: 3 | C94: FOURFFIL | D94: 8 | E94: 1 | F94: 1 | G94: A | H94: 1 | I94: Fourfit output filename | J94: obs | K94: Keep | M94: FOURFFIL | N94: Y | O94: - | Q94: 0 | R94: 0 | S94: 0 | T94: 0 | U94: 0 | V94: 0
A95: 92 | B95: 3 | C95: FRNGERR | D95: 1 | E95: 1 | F95: 1 | G95: A | H95: 1 | I95: Fourfit error flag blank=OK | J95: obs | K95: Keep | M95: FRNGERR | O95: - | Q95: 0 | R95: 0 | S95: 0 | T95: 0 | U95: 0 | V95: 0
A96: 93 | B96: 3 | C96: FRQGROUP | D96: 1 | E96: 1 | F96: 1 | G96: A | H96: 1 | I96: Frequency group code | J96: obs | K96: Keep | M96: FRQGROUP | N96: Y | O96: - | Q96: 0 | R96: 0 | S96: 0 | T96: 0 | U96: 0 | V96: 0
A97: 94 | B97: 1 | C97: CBL STAT | D97: 4 | E97: 2 | F97: 1 | G97: A | H97: 3 | I97: Stations for cable sign | J97: misc | K97: Keep | M97: CBL STAT | O97: - | Q97: 0 | R97: 0 | S97: 0 | T97: 0 | U97: 0 | V97: 0
A98: 95 | B98: 1 | C98: CBL SIGN | D98: 2 | E98: 1 | F98: 1 | G98: A | H98: 3 | I98: Signs of cable cal application | J98: misc | K98: Keep | M98: CBL SIGN | O98: Y | Q98: 0 | R98: 0 | S98: 0 | T98: 0 | U98: 0 | V98: 0
A99: 96 | B99: 1 | C99: MEANCABL | D99: 2 | E99: 1 | F99: 1 | G99: R | H99: 3 | I99: Mean cable calibration (seconds) | J99: misc | K99: Keep | M99: MEANCABL | O99: n | Q99: 0 | R99: 0 | S99: 0 | T99: 0 | U99: 0 | V99: 0
A100: 97 | B100: 2 | C100: SRCHPAR | D100: 6 | E100: 1 | F100: 1 | G100: R | H100: 1 | I100: FRNGE/Fourfit search parameters | J100: misc | K100: Keep | M100: SRCHPAR | O100: - | Q100: 0 | R100: 0 | S100: 0 | T100: 0 | U100: 0 | V100: 0
A101: 98 | B101: 2 | C101: DELTAEPO | D101: 1 | E101: 1 | F101: 1 | G101: R | H101: 1 | I101: Offset from center of scan (sec) | J101: misc | K101: Keep | M101: DELTAEPO | O101: - | Q101: 0 | R101: 0 | S101: 0 | T101: 0 | U101: 0 | V101: 0
A102: 99 | B102: 2 | C102: SAMPLRAT | D102: 1 | E102: 1 | F102: 1 | G102: R | H102: 1 | I102: Sample rate (Hz) | J102: misc | K102: Keep | M102: SAMPLRAT | N102: Y | O102: - | Q102: 0 | R102: 0 | S102: 0 | T102: 0 | U102: 0 | V102: 0
A103: 100 | B103: 2 | C103: #CHANELS | D103: 1 | E103: 1 | F103: 1 | G103: I | H103: 1 | I103: No. of U-L pairs in integration. | J103: misc | K103: Keep | M103: #CHANELS | N103: Y | O103: - | Q103: 0 | R103: 0 | S103: 0 | T103: 0 | U103: 0 | V103: 0
...

Sheet Pivex_Doubt
D1: ======== | E1: ===== | F1: ===== | G1: === | H1: toc 1 | I1: ===== | J1: =====================================
C2: 1 | D2: CLOOFACM | E2: 4 | F2: 1 | G2: 1 | H2: R | I2: 4 | J2: A priori clock offset (sec) | K2: ??
C3: 1 | D3: CLODRACM | E3: 4 | F3: 1 | G3: 1 | H3: R | I3: 4 | J3: A priori clock drift (sec/sec) | K3: ??
C4: 1 | D4: SUPMET | E4: 1 | F4: 1 | G4: 1 | H4: I | I4: 4 | J4: Suppression method | K4: ??
C5: 1 | D5: EXPDESC | E5: 40 | F5: 1 | G5: 1 | H5: A | I5: 1 | J5: Experiment description | K5: ??
C6: 1 | D6: CLKBREAK | E6: 1 | F6: 1 | G6: 1 | H6: A | I6: 4 | J6: Status of clock break existence | K6: ??
C7: 1 | D7: STAT_ACM | E7: 4 | F7: 4 | G7: 1 | H7: A | I7: 4 | J7: Stations with a priori clock mod | K7: ??
C8: 1 | D8: # CLK_RF | E8: 1 | F8: 1 | G8: 1 | H8: I | I8: 5 | J8: # of clock reference stations | K8: ??
C9: 1 | D9: CLK_SITS | E9: 4 | F9: 1 | G9: 1 | H9: A | I9: 5 | J9: List of clock reference stations | K9: ??
C10: 1 | D10: DELTFLAG | E10: 1 | F10: 1 | G10: 1 | H10: I | I10: 1 | J10: Delay type flag 1-group, 2-phase | K10: ??
C11: 1 | D11: BAROCALS | E11: 2 | F11: 3 | G11: 1 | H11: R | I11: 4 | J11: Baro offset (mbar) and Ht. (m) | K11: ??
C12: 1 | D12: BARONAME | E12: 4 | F12: 3 | G12: 1 | H12: A | I12: 4 | J12: Names for barometer calibrations | K12: ??
C13: 1 | D13: BRK_SITE | E13: 4 | F13: 1 | G13: 1 | H13: A | I13: 6 | J13: Sites with real clock breaks | K13: ??
... C15: 1 | D15: FRFIX!!! | E15: 1 | F15: 1 | G15: 1 | H15: I | I15: 6 | J15: FLAG = 1 IF RATE HAS BEEN FIXED | K15: ??
D17: ======== | E17: ===== | F17: ===== | G17: === | H17: ====== | I17: toc 2 | J17: ======================================
C18: 2 | D18: URVR | E18: 2 | F18: 1 | G18: 1 | H18: R | I18: 1 | J18: Rate derivatives mHz per asec | K18: ??
C19: 2 | D19: UVF/ASEC | E19: 2 | F19: 1 | G19: 1 | H19: R | I19: 2 | J19: U,V in FR per arcsec, from CALC | K19: ??
C20: 2 | D20: PHCALOFF | E20: 2 | F20: 16 | G20: 1 | H20: I | I20: 1 | J20: Phase cal offset (-18000/18000) | K20: ??
C21: 2 | D21: PHCALSTS | E21: 2 | F21: 1 | G21: 1 | H21: I | I21: 1 | J21: Phase cal status: 0/1/2 | K21: ??
C22: 2 | D22: APCLOFST | E22: 1 | F22: 1 | G22: 1 | H22: R | I22: 1 | J22: Apriori clock offset microsec | K22: ??
C23: 2 | D23: DELTFLAG | E23: 1 | F23: 1 | G23: 1 | H23: I | I23: 1 | J23: Delay type, 1=group, 2=phase | K23: ??
C24: 2 | D24: RECSETUP | E24: 3 | F24: 1 | G24: 1 | H24: I | I24: 1 | J24: SAMP rate(KHz),FRAMES/PP,PP/AP | K24: ??
C25: 2 | D25: VLB1FILE | E25: 3 | F25: 1 | G25: 1 | H25: A | I25: 1 | J25: Correlator file name | K25: ??
C26: 2 | D26: DELOBSVM | E26: 2 | F26: 1 | G26: 1 | H26: R | I26: 1 | J26: Obs delay at central epoch us | K26: ??
C27: 2 | D27: STARELEV | E27: 2 | F27: 1 | G27: 1 | H27: R | I27: 1 | J27: Elev angles calc by COREL | K27: ??
C28: 2 | D28: VLB1XTNT | E28: 2 | F28: 14 | G28: 1 | H28: I | I28: 1 | J28: corr. ext by sideb, channel | K28: ??
C29: 2 | D29: VLB2XTNT | E29: 1 | F29: 1 | G29: 1 | H29: I | I29: 1 | J29: FRNGE extent number | K29: ??
... C67: 2 | D67: A/PHI(F) | E67: 2 | F67: 8 | G67: 1 | H67: I | I67: 1 | J67: AMP,PHS BY FREQ CHANNEL | K67: ??
D69: ======== | E69: ===== | F69: ===== | G69: === | H69: ====== | I69: =toc -> #NAME? | J69: 3 ===================================
C70: 3 | D70: DLYEPO+1 | E70: 2 | F70: 1 | G70: 1 | H70: R | I70: 1 | J70: Phase delay at epoch+1 usec | K70: ??
C71: 3 | D71: DLYEPOCH | E71: 2 | F71: 1 | G71: 1 | H71: R | I71: 1 | J71: Phase delay at epoch usec | K71: ??
C72: 3 | D72: DLYEPO-1 | E72: 2 | F72: 1 | G72: 1 | H72: R | I72: 1 | J72: Phase delay at epoch-1 usec | K72: ??
C73: 3 | D73: UTC TAG | E73: 5 | F73: 1 | G73: 1 | H73: I | I73: 1 | J73: Epoch UTC YMDHM | K73: ??
C74: 3 | D74: VLB2 UTC | E74: 6 | F74: 1 | G74: 1 | H74: I | I74: 1 | J74: UTC of frnge PROC YMDHMS | K74: ??
C75: 3 | D75: APCLOFST | E75: 1 | F75: 1 | G75: 1 | H75: R | I75: 1 | J75: Apriori clock offset microsec | K75: ??
C76: 3 | D76: AUTOEDIT | E76: 1 | F76: 1 | G76: 1 | H76: I | I76: 1 | J76: 1=Run resulted from AUTOEDIT | K76: ??
C77: 3 | D77: CORBASNO | E77: 1 | F77: 1 | G77: 1 | H77: I | I77: 1 | J77: Correlator baseline number. | K77: ??
C78: 3 | D78: PROC UTC | E78: 2 | F78: 14 | G78: 1 | H78: I | I78: 1 | J78: YDDD of COREL by sta,channel | K78: ??
C79: 3 | D79: RECTRACK | E79: 2 | F79: 2 | G79: 14 | H79: I | I79: 1 | J79: Trk table by sta,sideb,channel | K79: ??
C80: 3 | D80: ORIGFILE | E80: 3 | F80: 1 | G80: 1 | H80: A | I80: 1 | J80: Original COREL file name | K80: ??
C81: 3 | D81: RUN CODE | E81: 4 | F81: 1 | G81: 1 | H81: A | I81: 1 | J81: Run,code, e.g., "329-1300" | K81: ??
... C99: 3 | D99: WTRVAPOR | E99: 2 | F99: 1 | G99: 1 | H99: R | I99: 1 | J99: WV RADIOMETER PATH LEN SITES 1,2 | K99: ??

Sheet Pivex_Keep
B1: TOC | L1: Type
B2: 1 | C2: APLENGTH | D2: 1 | E2: 1 | F2: 1 | G2: R | H2: 1 | I2: Length of accumul. period in sec | J2: =VLOOKUP(C2,#REF!,1,FALSE) -> #REF! | K2: Keep | L2: Session
B3: 1 | C3: EXPSERNO | D3: 1 | E3: 1 | F3: 1 | G3: I | H3: 1 | I3: Experiment Serial Number | J3: =VLOOKUP(C3,#REF!,1,FALSE) -> #REF! | K3: Keep | L3: Session
B4: 1 | C4: NLAGS | D4: 1 | E4: 1 | F4: 1 | G4: I | H4: 1 | I4: Num of lags used for correlation | J4: =VLOOKUP(C4,#REF!,1,FALSE) -> #REF! | K4: Keep | L4: Session
B5: 1 | C5: # SITES | D5: 1 | E5: 1 | F5: 1 | G5: I | H5: 1 | I5: Number of sites. | J5: =VLOOKUP(C5,#REF!,1,FALSE) -> #REF! | K5: Keep | L5: Session
B6: 1 | C6: # STARS | D6: 1 | E6: 1 | F6: 1 | G6: I | H6: 1 | I6: Number of radio sources | J6: =VLOOKUP(C6,#REF!,1,FALSE) -> #REF! | K6: Keep | L6: Session
B7: 1 | C7: NUMB OBS | D7: 1 | E7: 1 | F7: 1 | G7: I | H7: 4 | I7: Number of observations in file | J7: =VLOOKUP(C7,#REF!,1,FALSE) -> #REF! | K7: Keep | L7: Session
B8: 1 | C8: INTERVAL | D8: 5 | E8: 2 | F8: 1 | G8: I | H8: 1 | I8: First,last UTC tag in input file | J8: =VLOOKUP(C8,#REF!,1,FALSE) -> #REF! | K8: Keep | L8: Session
B9: 1 | C9: CORPLACE | D9: 16 | E9: 1 | F9: 1 | G9: A | H9: 1 | I9: Correlator name | J9: =VLOOKUP(C9,#REF!,1,FALSE) -> #REF! | K9: Keep | L9: Session
B10: 1 | C10: CORRTYPE | D10: 4 | E10: 1 | F10: 1 | G10: A | H10: 1 | I10: Correlator type: MK3/MK4/K4 etc | J10: =VLOOKUP(C10,#REF!,1,FALSE) -> #REF! | K10: Keep | L10: Session
B11: 1 | C11: EXPCODE | D11: 16 | E11: 1 | F11: 1 | G11: A | H11: 1 | I11: Experiment name | J11: =VLOOKUP(C11,#REF!,1,FALSE) -> #REF! | K11: Keep | L11: Session
B12: 1 | C12: FOURF CF | D12: 48 | E12: 1 | F12: 1 | G12: A | H12: 1 | I12: Control file name for fourfit | J12: =VLOOKUP(C12,#REF!,1,FALSE) -> #REF! | K12: Keep | L12: Session
B13: 1 | C13: FOURF CS | D13: 64 | E13: 1 | F13: 1 | G13: A | H13: 1 | I13: Command string used for fourfit | J13: =VLOOKUP(C13,#REF!,1,FALSE) -> #REF! | K13: Keep | L13: Session
... B16: 1 | C16: SITNAMES | D16: 4 | E16: 2 | F16: 1 | G16: A | H16: 1 | I16: Site names array | J16: =VLOOKUP(C16,#REF!,1,FALSE) -> #REF! | K16: Keep | L16: Session
B17: 1-New | C17: DOMESNR | G17: A | I17: Domes number array | J17: =VLOOKUP(C17,#REF!,1,FALSE) -> #REF! | K17: Keep | L17: Session
B18: 1 | C18: STRNAMES | D18: 4 | E18: 14 | F18: 1 | G18: A | H18: 1 | I18: Source names array | J18: =VLOOKUP(C18,#REF!,1,FALSE) -> #REF! | K18: Keep | L18: Session
B19: 1-New | C19: IERSDES | G19: A | I19: IERZS Designation array | J19: =VLOOKUP(C19,#REF!,1,FALSE) -> #REF! | K19: Keep | L19: Session
B20: 3 | C20: CORELVER | D20: 1 | E20: 1 | F20: 1 | G20: I | H20: 1 | I20: Correlator software version numb | J20: =VLOOKUP(C20,#REF!,1,FALSE) -> #REF! | K20: Keep | L20: Session
B21: 3 | C21: DBEDITVE | D21: 3 | E21: 1 | F21: 1 | G21: I | H21: 1 | I21: Dbedit revision date YYYY MM DD | J21: =VLOOKUP(C21,#REF!,1,FALSE) -> #REF! | K21: Keep | L21: Session
B22: 3 | C22: FOURFVER | D22: 2 | E22: 1 | F22: 1 | G22: I | H22: 1 | I22: Fourfit version number | J22: =VLOOKUP(C22,#REF!,1,FALSE) -> #REF! | K22: Keep | L22: Session
B23: 2 | C23: UTC TAG | D23: 5 | E23: 1 | F23: 1 | G23: I | H23: 1 | I23: Epoch UTC YMDHM. | J23: =VLOOKUP(C23,#REF!,1,FALSE) -> #REF! | K23: Keep | L23: Scan
B24: 2 | C24: SCANNAME | D24: 5 | E24: 1 | F24: 1 | G24: A | H24: 1 | I24: Scan name | J24: =VLOOKUP(C24,#REF!,1,FALSE) -> #REF! | K24: Keep | L24: Scan
B25: 2 | C25: STAR ID | D25: 4 | E25: 1 | F25: 1 | G25: A | H25: 1 | I25: Radio source name | J25: =VLOOKUP(C25,#REF!,1,FALSE) -> #REF! | K25: Keep | L25: Scan
B26: 3 | C26: SCAN UTC | D26: 6 | E26: 1 | F26: 1 | G26: I | H26: 1 | I26: Nominal scan time YMDHMS | J26: =VLOOKUP(C26,#REF!,1,FALSE) -> #REF! | K26: Keep | L26: Scan
B27: 2 | C27: LO FREQ | D27: 2 | E27: 16 | F27: 1 | G27: R | H27: 1 | I27: LO frequencies per cha/sta MHz | J27: =VLOOKUP(C27,#REF!,1,FALSE) -> #REF! | K27: Keep | L27: Station
B28: 2 | C28: PHASECAL | D28: 2 | E28: 1 | F28: 1 | G28: R | H28: 1 | I28: PC rate by sta ( us per s) | J28: =VLOOKUP(C28,#REF!,1,FALSE) -> #REF! | K28: Keep | L28: Station
B29: 2 | C29: PARANGLE | D29: 2 | E29: 1 | F29: 1 | G29: R | H29: 2 | I29: Feedhorn rot. angle, ref and rem | J29: =VLOOKUP(C29,#REF!,1,FALSE) -> #REF! | K29: Keep | L29: Station
B30: 2 | C30: TEMP C | D30: 2 | E30: 2 | F30: 1 | G30: R | H30: 3 | I30: Temp in C at local WX station | J30: =VLOOKUP(C30,#REF!,1,FALSE) -> #REF! | K30: Keep | L30: Station
B31: 2 | C31: ATM PRES | D31: 2 | E31: 2 | F31: 1 | G31: R | H31: 3 | I31: Pressure in mb at site | J31: =VLOOKUP(C31,#REF!,1,FALSE) -> #REF! | K31: Keep | L31: Station
... B108: 3 | C108: CHAN ID | D108: 16 | E108: 1 | F108: 1 | G108: A | H108: 1 | I108: One-letter Fourfit channel ID. | J108: =VLOOKUP(C108,#REF!,1,FALSE) -> #REF! | K108: Keep | L108: misc

Sheet Hobiger
B1: al comme | C1: I think that only one time-tag s | D1: ystems (e.g. MJD or UTC) should be used, no double bookkeeping
B4: S that s | C4: d be exported in this or other fo | D4: rm:
B8: # SITES | C8: # of sites...................... | D8: (not necessary, could be computed afterwards; but maybe useful for initializing arrays)
B9: # STARS | C9: # of sources.................... | D9: (not necessary, could be computed afterwards; but maybe useful for initializing arrays)
B10: NUMB OBS | C10: Number of observations in file | D10: (not necessary, could be computed afterwards; but maybe useful for initializing arrays)
B11: DELTFLAG | C11: Delay type flag 1-group, 2-phase
B12: INTERVAL | C12: First,last UTC TAG in input file | D12: (not necessary, could be computed afterwards; but maybe useful for initializing arrays)
B13: INTRVAL4 | C13: First,last UTC tag, 4 digit year | D13: (not necessary, could be computed afterwards; but maybe useful for initializing arrays)
B14: SITNAMES | C14: Site names array................
B15: CBL STAT | C15: Station for CBL sign ........... | D15: (might conflict with SITNAMES, kind of redundant)
B16: STRNAMES | C16: Source names array..............
B17: CBL SIGN | C17: Signs of cable cal application .
B18: SEC TAG | C18: Seconds part of UTC TAG.........
B19: JUL DATE | C19: Julian date at midnight.........
B20: DEL FRQS | C20: ALIAS OF REF FREQ...............
B21: RAT FRQS | C21: ALIAS OF REF FREQ...............
B22: REF FREQ | C22: ALIAS OF REF FREQ...............
B23: RFREQ | C23: RF FREQ BY CHANNEL (MHZ)........ | D23: (all these reference frequency information should be somehow condensed)
B24: DEL OBSV | C24: Observed delay uSEC in 2 part .. | D24: (if possible keep delay in one double variable, don't split in two parts
B25: RAT OBSV | C25: OBS RATE ( S per S )............
B26: SB DELAY | C26: Single band delay (Microsec)....
B27: GPDLAMBG | C27: Group delay ambiguity (SEC).....
B28: AMPBYFRQ | C28: AMP,PHS<BY CHAN(0-1) (-180to180)
B29: PHASECAL | C29: PC RATE BY STA (uSEC per S )....
B30: DELRESID | C30: Delay residual (SEC) ...........
B31: DELSIGMA | C31: Delay error (SEC) ..............
B32: RATRESID | C32: Rate resid SEC per SEC .........
B33: RATSIGMA | C33: Rate error (sec per sec) .......
B34: COHERCOR | C34: CORR COEF (0 --> 1 ) ...........
B35: TOTPHASE | C35: Total phase degrees mod 360 ....
B36: SBRESID | C36: Single band delay residual .....
... B38: GC PHASE | C38: TOT phase ref to cen of earth...
B39: STARTSEC | C39: Start time of 1st AP in sec .... | D39: (use abs. epoch!)
B40: STOP SEC | C40: Stop time of last AP in sec .... | D40: (use abs. epoch!)
B41: SB SIGMA | C41: SB delay error (uSEC) ..........
B42: TEMP C | C42: Temp in C at local WX station ..
B43: ATM PRES | C43: Pressure in MB at site .........
B44: REL.HUM. | C44: REL.HUM. at local WX ST (50%=.5)
B45: CABL DEL | C45: Cable calibration data .........
B46: ION CORR | C46: ION correction (add to theo) SEC
B47: IONSIGMA | C47: ION corr to sigma - SEC .....
B48: IONRMS | C48: ION corr to sigma - SEC .....
B49: APCLOFST | C49: Apriori clock offset microsec ..
B50: UVF/ASEC | C50: U,V in FR per arc SEC ..........
B51: URVR | C51: Rate derivatives mHz per arcSEC.
B52: EL-THEO | C52: Elevation array definition .....
... B67: QUALCODE | C67: Frnge quality index 0 ---> 9....
B68: VLB1FILE | C68: Correlator file name ........... | D68: (basically important information, but only if this file is accessible for everybody; e.g. via a http address)
B69: SEC TAG | C69: Seconds part of UTC TAG.........
B70: CORCLOCK | C70: Clock offset(sec)/rate(sec/sec).
B71: REF FREQ | C71: FREQ to WH.PHASE is referred ... | D71: (again ref. freq.)
B72: RATOBSVM | C72: OBS rate at central epoch ......
B73: INCOHAMP | C73: FR. AMP from INCOH INT of CHAN
B74: SRCHPAR | C74: Frnge search parameters ........
B75: FALSEDET | C75: PROB of false DET from frnge ...
B76: INCOH2 | C76: INCOH AMP from frnge plot SEGS
B77: GCRESPHS | C77: Resid PHS corrected to CEN of E.
B78: DELTAEPO | C78: Epoch offset from center of run.
B79: EFF.DURA | C79: Effective run duration sec .....
B80: DISCARD | C80: Percent data discarded by frnge.
B81: TOTPCENT | C81: TOT phase at central epoch ..... | D81: ,
B82: DELOBSVM | C82: OBS delay at central epoch uS .. | D82: ,
B83: DLYEPO+1 | C83: Phase delay at epoch+1 usec .... | D83: ,
B84: DLYEPOCH | C84: Phase delay at epoch usec ....
B85: DLYEPO-1 | C85: Phase delay at epoch-1 usec ....
B86: UTC TAG | C86: Epoch UTC YMDHM.................
B87: VLB2 UTC | C87: UTC of frnge PROC YMDHMS........
B88: UTCM TAG | C88: UTC at central epoch YMDHMS ....
B89: ERRORATE | C89: LOG ERR rate by STA, SB, channel
B90: BASELINE | C90: REF and REM site names..........
B91: STAR ID | C91: Radio source name...............
B92: FRQGROUP | C92: Frequency group code ...........
B93: TAPQCODE | C93: Tape quality code .............. | D93: (can be skipped for disk recording, but might be important for backward comp.)
B96: ss infor | C96: on in all 3 tables (at least from | D96: the point of view from the correlator):

Sheet LCODE_MAP
B1: Name | C1: NameOver | D1: Desc | E1: DescOver | H1: LCODE | I1: OpenDB_variable_name | J1: Description | K1: Directory | L1: File
A2: # AMBIG | B2: =VLOOKUP($A2,Lcode_mapping!$D:$T,1,FALSE) -> # AMBIG | C2: =VLOOKUP($A2,Lcode_mapping!$D:$T,15,FALSE) -> NumGroupAmbig | D2: =VLOOKUP($A2,Lcode_mapping!$D:$T,7,FALSE) -> No. of ambiguities | E2: =VLOOKUP($A2,Lcode_mapping!$D:$T,17,FALSE) -> Number of group delay ambiguities | H2: =A2 -> # AMBIG | I2: =IF(C2="-",B2,C2) -> NumGroupAmbig | J2: =IF(E2="-",C2,E2) -> Number of group delay ambiguities | K2: =VLOOKUP($A2,Lcode_mapping!$D:$T,12,FALSE) -> ObsEdit | L2: =VLOOKUP($A2,Lcode_mapping!$D:$T,13,FALSE) -> NumGroupAmbig_bX
A3: # CLK_RF | B3: =VLOOKUP(A3,Lcode_mapping!D:T,1,FALSE) -> # CLK_RF | C3: =VLOOKUP($A3,Lcode_mapping!$D:$T,15,FALSE) -> NumClockRefStations | D3: =VLOOKUP($A3,Lcode_mapping!$D:$T,7,FALSE) -> # of clock reference stations | E3: =VLOOKUP($A3,Lcode_mapping!$D:$T,17,FALSE) -> - | H3: =A3 -> # CLK_RF | I3: =IF(C3="-",B3,C3) -> NumClockRefStations | J3: =IF(E3="-",D3,E3) -> # of clock reference stations | K3: =VLOOKUP($A3,Lcode_mapping!$D:$T,12,FALSE) -> Solve | L3: =VLOOKUP($A3,Lcode_mapping!$D:$T,13,FALSE) -> ClockSetup
A4: # DELAYS | B4: =VLOOKUP(A4,Lcode_mapping!D:T,1,FALSE) -> # DELAYS | C4: =VLOOKUP($A4,Lcode_mapping!$D:$T,15,FALSE) -> - | D4: =VLOOKUP($A4,Lcode_mapping!$D:$T,7,FALSE) -> NO. of delays in this obs . | E4: =VLOOKUP($A4,Lcode_mapping!$D:$T,17,FALSE) -> - | H4: =A4 -> # DELAYS | I4: =IF(C4="-",B4,C4) -> # DELAYS | J4: =IF(E4="-",D4,E4) -> NO. of delays in this obs . | K4: =VLOOKUP($A4,Lcode_mapping!$D:$T,12,FALSE) -> OBSOLETE | L4: =VLOOKUP($A4,Lcode_mapping!$D:$T,13,FALSE) -> -
A5: # RATES | B5: =VLOOKUP(A5,Lcode_mapping!D:T,1,FALSE) -> # RATES | C5: =VLOOKUP($A5,Lcode_mapping!$D:$T,15,FALSE) -> - | D5: =VLOOKUP($A5,Lcode_mapping!$D:$T,7,FALSE) -> NO. of rates in this obs . | E5: =VLOOKUP($A5,Lcode_mapping!$D:$T,17,FALSE) -> - | H5: =A5 -> # RATES | I5: =IF(C5="-",B5,C5) -> # RATES | J5: =IF(E5="-",D5,E5) -> NO. of rates in this obs . | K5: =VLOOKUP($A5,Lcode_mapping!$D:$T,12,FALSE) -> OBSOLETE | L5: =VLOOKUP($A5,Lcode_mapping!$D:$T,13,FALSE) -> -
A6: # SITES | B6: =VLOOKUP(A6,Lcode_mapping!D:T,1,FALSE) -> # SITES | C6: =VLOOKUP($A6,Lcode_mapping!$D:$T,15,FALSE) -> NumStation | D6: =VLOOKUP($A6,Lcode_mapping!$D:$T,7,FALSE) -> Number of sites. | E6: =VLOOKUP($A6,Lcode_mapping!$D:$T,17,FALSE) -> - | H6: =A6 -> # SITES | I6: =IF(C6="-",B6,C6) -> NumStation | J6: =IF(E6="-",D6,E6) -> Number of sites. | K6: =VLOOKUP($A6,Lcode_mapping!$D:$T,12,FALSE) -> - | L6: =VLOOKUP($A6,Lcode_mapping!$D:$T,13,FALSE) -> Head
A7: # STARS | B7: =VLOOKUP(A7,Lcode_mapping!D:T,1,FALSE) -> # STARS | C7: =VLOOKUP($A7,Lcode_mapping!$D:$T,15,FALSE) -> NumSource | D7: =VLOOKUP($A7,Lcode_mapping!$D:$T,7,FALSE) -> Number of radio sources. | E7: =VLOOKUP($A7,Lcode_mapping!$D:$T,17,FALSE) -> - | H7: =A7 -> # STARS | I7: =IF(C7="-",B7,C7) -> NumSource | J7: =IF(E7="-",D7,E7) -> Number of radio sources. | K7: =VLOOKUP($A7,Lcode_mapping!$D:$T,12,FALSE) -> - | L7: =VLOOKUP($A7,Lcode_mapping!$D:$T,13,FALSE) -> Head
A8: #CHANELS | B8: =VLOOKUP(A8,Lcode_mapping!D:T,1,FALSE) -> #CHANELS | C8: =VLOOKUP($A8,Lcode_mapping!$D:$T,15,FALSE) -> NumChannels | D8: =VLOOKUP($A8,Lcode_mapping!$D:$T,7,FALSE) -> No. of U-L pairs in integration. | E8: =VLOOKUP($A8,Lcode_mapping!$D:$T,17,FALSE) -> - | H8: =A8 -> #CHANELS | I8: =IF(C8="-",B8,C8) -> NumChannels | J8: =IF(E8="-",D8,E8) -> No. of U-L pairs in integration. | K8: =VLOOKUP($A8,Lcode_mapping!$D:$T,12,FALSE) -> Observables | L8: =VLOOKUP($A8,Lcode_mapping!$D:$T,13,FALSE) -> CorrInfo_bX
A9: #GAMBG_S | B9: =VLOOKUP(A9,Lcode_mapping!D:T,1,FALSE) -> #GAMBG_S | C9: =VLOOKUP($A9,Lcode_mapping!$D:$T,15,FALSE) -> NumGroupAmbig | D9: =VLOOKUP($A9,Lcode_mapping!$D:$T,7,FALSE) -> No. of ambiguities for S-band | E9: =VLOOKUP($A9,Lcode_mapping!$D:$T,17,FALSE) -> Number of group delay ambiguities | H9: =A9 -> #GAMBG_S | I9: =IF(C9="-",B9,C9) -> NumGroupAmbig | J9: =IF(E9="-",D9,E9) -> Number of group delay ambiguities | K9: =VLOOKUP($A9,Lcode_mapping!$D:$T,12,FALSE) -> ObsEdit | L9: =VLOOKUP($A9,Lcode_mapping!$D:$T,13,FALSE) -> NumGroupAmbig_bS
A10: #PAMBG_S | B10: =VLOOKUP(A10,Lcode_mapping!D:T,1,FALSE) -> #PAMBG_S | C10: =VLOOKUP($A10,Lcode_mapping!$D:$T,15,FALSE) -> NumPhaseAmbig | D10: =VLOOKUP($A10,Lcode_mapping!$D:$T,7,FALSE) -> # phase ambiguities for S-band | E10: =VLOOKUP($A10,Lcode_mapping!$D:$T,17,FALSE) -> Number of phase ambiguities | H10: =A10 -> #PAMBG_S | I10: =IF(C10="-",B10,C10) -> NumPhaseAmbig | J10: =IF(E10="-",D10,E10) -> Number of phase ambiguities | K10: =VLOOKUP($A10,Lcode_mapping!$D:$T,12,FALSE) -> ObsEdit | L10: =VLOOKUP($A10,Lcode_mapping!$D:$T,13,FALSE) -> NumPhaseAmbig_bS
A11: #PAMBIG | B11: =VLOOKUP(A11,Lcode_mapping!D:T,1,FALSE) -> #PAMBIG | C11: =VLOOKUP($A11,Lcode_mapping!$D:$T,15,FALSE) -> NumPhaseAmbig | D11: =VLOOKUP($A11,Lcode_mapping!$D:$T,7,FALSE) -> # phase ambiguities for X-band | E11: =VLOOKUP($A11,Lcode_mapping!$D:$T,17,FALSE) -> Number of phase ambiguities | H11: =A11 -> #PAMBIG | I11: =IF(C11="-",B11,C11) -> NumPhaseAmbig | J11: =IF(E11="-",D11,E11) -> Number of phase ambiguities | K11: =VLOOKUP($A11,Lcode_mapping!$D:$T,12,FALSE) -> ObsEdit | L11: =VLOOKUP($A11,Lcode_mapping!$D:$T,13,FALSE) -> NumPhaseAmbig_bX
A12: #SAMPLES | B12: =VLOOKUP(A12,Lcode_mapping!D:T,1,FALSE) -> #SAMPLES | C12: =VLOOKUP($A12,Lcode_mapping!$D:$T,15,FALSE) -> NumSamples | D12: =VLOOKUP($A12,Lcode_mapping!$D:$T,7,FALSE) -> # of samples by sideband and cha | E12: =VLOOKUP($A12,Lcode_mapping!$D:$T,17,FALSE) -> - | H12: =A12 -> #SAMPLES | I12: =IF(C12="-",B12,C12) -> NumSamples | J12: =IF(E12="-",D12,E12) -> # of samples by sideband and cha | K12: =VLOOKUP($A12,Lcode_mapping!$D:$T,12,FALSE) -> Observables | L12: =VLOOKUP($A12,Lcode_mapping!$D:$T,13,FALSE) -> CorrInfo_bX
A13: #VFREQS | B13: =VLOOKUP(A13,Lcode_mapping!D:T,1,FALSE) -> #VFREQS | C13: =VLOOKUP($A13,Lcode_mapping!$D:$T,15,FALSE) -> NumBBCFreqs | D13: =VLOOKUP($A13,Lcode_mapping!$D:$T,7,FALSE) -> No. of BBC frequencies in Band | E13: =VLOOKUP($A13,Lcode_mapping!$D:$T,17,FALSE) -> - | H13: =A13 -> #VFREQS | I13: =IF(C13="-",B13,C13) -> NumBBCFreqs | J13: =IF(E13="-",D13,E13) -> No. of BBC frequencies in Band | K13: =VLOOKUP($A13,Lcode_mapping!$D:$T,12,FALSE) -> Observables | L13: =VLOOKUP($A13,Lcode_mapping!$D:$T,13,FALSE) -> CorrInfo_bX
A14: A1 - TAI | B14: =VLOOKUP(A14,Lcode_mapping!D:T,1,FALSE) -> A1 - TAI | C14: =VLOOKUP($A14,Lcode_mapping!$D:$T,15,FALSE) -> A1minusTAI | D14: =VLOOKUP($A14,Lcode_mapping!$D:$T,7,FALSE) -> TAI USNO- TAI BIH = 0.03439 sec. | E14: =VLOOKUP($A14,Lcode_mapping!$D:$T,17,FALSE) -> - | H14: =A14 -> A1 - TAI | I14: =IF(C14="-",B14,C14) -> A1minusTAI | J14: =IF(E14="-",D14,E14) -> TAI USNO- TAI BIH = 0.03439 sec. | K14: =VLOOKUP($A14,Lcode_mapping!$D:$T,12,FALSE) -> OBSOLETE | L14: =VLOOKUP($A14,Lcode_mapping!$D:$T,13,FALSE) -> Obsolete
... A449: ZDELAY | B449: =VLOOKUP(A449,Lcode_mapping!D:T,1,FALSE) -> ZDELAY | C449: =VLOOKUP($A449,Lcode_mapping!$D:$T,15,FALSE) -> - | D449: =VLOOKUP($A449,Lcode_mapping!$D:$T,7,FALSE) -> Corel zenith atmos. delay (sec). | E449: =VLOOKUP($A449,Lcode_mapping!$D:$T,17,FALSE) -> - | H449: =A449 -> ZDELAY | I449: =IF(C449="-",B449,C449) -> ZDELAY | J449: =IF(E449="-",D449,E449) -> Corel zenith atmos. delay (sec). | K449: =VLOOKUP($A449,Lcode_mapping!$D:$T,12,FALSE) -> Observables | L449: =VLOOKUP($A449,Lcode_mapping!$D:$T,13,FALSE) -> CorrInfo_bX

Sheet Stubs
A1: Stub | B1: Description | C1: Scope
A2: AmbigSize | B2: Size of group delay ambiguties | C2: Obs
A3: AtmSetup | B3: Constraints for solution. | C3: Solve
A4: AzEl | B4: Pointing | C4: Station
A5: Baseline | B5: Baseline array | C5: Obs
A6: BaselineClockSetup | B6: Solution setup. | C6: Solve
A7: BaselineWeights | B7: Additive noise constants | C7: Session
A8: Cal | B8: Calibration file | C8: Obs or Station
A9: CalcEop | B9: A prioiri EOP used by Calc | C9: Scan
A10: CalcInfo | B10: Information about calc run | C10: Session
A11: CalibrationSetup | B11: Solution setup. | C11: Solve
A12: ClockApriori | B12: A priori Clock | C12: Session
... A28: GroupRate | B28: Measured group rate | C28: Obs
A29: Head | B29: Information about the session as a whole.
A30: Ion | B30: Ion information used by solve | C30: Solve
A31: IonBits | B31: Ion information used by solve | C31: Solve
A32: IonoSetup | B32: Ion information used by solve | C32: Solve
A33: Met | B33: Meteorological data | C33: Station
A34: NGSQualityFlag | B34: Quality flag | C34: Obs
A35: NumGroupAmbig | B35: Number group delay ambiguities | C35: Obs
A36: NumPhaseAmbig | B36: Number group delay ambiguities | C36: Obs
A37: Nut | B37: Nutation values | C37: Scan
A38: ObsCrossRef | B38: Links observations to scans | C38: Mixed
A39: Obsolete | B39: Miscelanneous Solve Lcodes | C39: Solve
A40: Part | B40: Partials | C40: Obs or Station
A41: Phase | B41: Measured Phase | C41: Obs
... A60: WVR | B60: WVR data | C60: Station

Sheet Sheet2
A1: 14 | B1: 15 | E1: Required?
A2: Dir | B2: File | C2: Name Use | D2: Description
A3: - | B3: Head | C3: Correlator | D3: Correlator name.
A4: - | B4: Head | C4: CorrelatorType | D4: Correlator type: MK3/MK4/K4 etc.
A5: - | B5: Head | C5: ExpDescription | D5: Experiment description.
A6: - | B6: Head | C6: ExpName | D6: Experiment name.
A7: - | B7: Head | C7: ExpSerialNumber | D7: Experiment Serial Number.
A8: - | B8: Head | C8: iUTCInterval | D8: First and last UTC time tag in input file.
A9: - | B9: Head | C9: NumObs | D9: Number of observations (I*4)
A10: - | B10: Head | C10: NumScan | D10: Number of Scans (Integer*4)
A11: - | B11: Head | C11: NumSource | D11: Number of radio sources.
A12: - | B12: Head | C12: NumStation | D12: Number of sites.
A13: - | B13: Head | C13: PrincipalInvestigator | D13: Agency/contact_person/PI name.
... A16: - | B16: Head | C16: StationList | D16: Site names array.
A18: Apriori | B18: ClockApriori | C18: ClockAprioriOffset | D18: A priori clock offset (sec) | E18: Y
A19: Apriori | B19: ClockApriori | C19: ClockAprioriRate | D19: A priori clock drift (sec/sec) | E19: Y
A20: Apriori | B20: ClockApriori | C20: ClockAprioriSite | D20: Stations with a priori clock model | E20: Y
A21: Apriori | B21: SourceApriori | C21: Source2000RaDec | D21: J2000 Source RA and Dec | E21: Y
A22: Apriori | B22: SourceApriori | C22: SourceNameApriori | D22: Source names in RA order. | E22: Y
A23: Apriori | B23: SourceApriori | C23: SourceReference | D23: Source of coordinate values. | E23: Y
A24: Apriori | B24: StationApriori | C24: AxisOffset | D24: Axis offsets (m). | E24: Y
A25: Apriori | B25: StationApriori | C25: AxisTilt | D25: Fixed axis tilt | E25: Y
A26: Apriori | B26: StationApriori | C26: AxisType | D26: Axis type (1-eq 2-xy 3-azel 4 5) | E26: Y
A27: Apriori | B27: StationApriori | C27: DomesNumber | D27: Domes number array | E27: N
A28: Apriori | B28: StationApriori | C28: EccentricityMonument | D28: Eccentricity monument name | E28: Y
A29: Apriori | B29: StationApriori | C29: EccentricityType | D29: Eccentricity type: XY or NE | E29: Y
... A42: CrossReference | B42: StationCrossRef | C42: StationNameCrossRef | D42: Site names in alphabetical order | E42: Y
A49: Session | B49: BaselineWeights | C49: Baselines | D49: B.L.names for formal errors
A50: Session | B50: BaselineWeights | C50: GroupBLWeights | D50: Group delay and rate re-weighting constants.
A51: Session | B51: ClockBreak | C51: BRK_NUMB | D51: Number of batchmode clock breaks
A52: Session | B52: ClockBreak | C52: CLKBREAK | D52: Status of clock break existence
A53: Session | B53: ClockBreak | C53: ClockBreakEpoch | D53: Batchmode clock break epochs
A54: Session | B54: ClockBreak | C54: ClockBreakFlag | D54: Batchmode clock break flags
A55: Session | B55: ClockBreak | C55: ClockBreakSite | D55: Sites with real clock breaks
A56: Session | B56: ClockBreak | C56: ClockBreakSite | D56: Batchmode clock break stations
A57: Session | B57: ClockBreak | C57: ClockBreakSite | D57: Batchmode clock break stations
A58: Solve | B58: AtmSetup | C58: AtmInterval | D58: Batchmode atmos interval - hours
A59: Solve | B59: AtmSetup | C59: AtmRateConstraint | D59: Atmosphere constraint. ps/hr
A60: Solve | B60: AtmSetup | C60: AtmRateSite | D60: Site list for clocks constraints
... A136: - | B136: Cal_kCable | C136: History | D136: Description of cable-cal processing
A137: - | B137: Cal_kNMFDry | C137: NMFDry
A138: - | B138: Cal_kNMFWet | C138: NMFWet | D138: Whmf (wet) atm. contribution
A139: - | B139: Cal_kOcean | C139: OcnLoadHoriz | D139: Site-dep ocean cont - horizontal
A140: - | B140: Cal_kOcean | C140: OcnLoadVert | D140: Site-dep ocean cont - vertical
A141: - | B141: Dis_kOcnLoad | C141: OcnLoad | D141: Ocean load site depndnt displace
A142: - | B142: FeedRotation | C142: FeedRotation | D142: Feedhorn rotation angle.
A143: - | B143: Met | C143: AtmPres | D143: Pressure in hPa at site
A144: - | B144: Met | C144: RelHum | D144: Rel.Hum. at local WX st (50%=.5)
A145: - | B145: Met | C145: TempC | D145: Temp in C at local WX station
A146: - | B146: Part_kAxisOffset | C146: AxisOffset | D146: Axis Offset partial deriv. def.
A147: - | B147: Part_kNMFDry | C147: NMFDry | D147: Nhmf2 dry partial deriv. def.
A148: - | B148: Part_kNMFWet | C148: NMFWet | D148: NMF Wet Partial
A149: - | B149: TimeUTC | C149: Second | D149: Seconds part of time-tag
... A406: ObsTheoretical | B406: CalcInfo | C406: WOBEPOCH | D406: Interpolated wobble array def
